,Player,Image,Salary,Tm,Pos,Age,height,weight
0,Precious Achiuwa,0,"$2,711,280",Toronto Raptors,F,32.0,6-9 / 2.06,234 lbs. / 106.1 kg.
1,Jaylen Adams,https://ak-static.cms.nba.com/wp-content/uploads/headshots/nba/latest/260x190/1629121.png,"$849,325 ($855,838*)",,-,32.0,6-2 / 1.88,190 lbs. / 86.2 kg.
2,Steven Adams,https://ak-static.cms.nba.com/wp-content/uploads/headshots/nba/latest/260x190/203500.png,"$17,073,171",Memphis Grizzlies,C,32.0,6-11 / 2.11,255 lbs. / 115.7 kg.
3,Bam Adebayo,https://ak-static.cms.nba.com/wp-content/uploads/headshots/nba/latest/260x190/1628389.png,"$28,103,500",Miami Heat,F-C,32.0,6-9 / 2.06,243 lbs. / 110.2 kg.
4,LaMarcus Aldridge,https://ak-static.cms.nba.com/wp-content/uploads/headshots/nba/latest/260x190/200746.png,"$2,641,691",Brooklyn Nets,F-C,32.0,6-11 / 2.11,246 lbs. / 111.6 kg.
5,Ty-Shon Alexander,0,"$449,115 ($449,115*)",,-,32.0,6-4 / 1.93,195 lbs. / 88.5 kg.
6,Nickeil Alexander-Walker,https://ak-static.cms.nba.com/wp-content/uploads/headshots/nba/latest/260x190/1629638.png,"$3,261,480",New Orleans Pelicans,G,32.0,6-5 / 1.96,205 lbs. / 93 kg.
7,Grayson Allen,https://ak-static.cms.nba.com/wp-content/uploads/headshots/nba/latest/260x190/1628960.png,"$4,054,695",Milwaukee Bucks,G,32.0,6-4 / 1.93,205 lbs. / 93 kg.
8,Jarrett Allen,https://ak-static.cms.nba.com/wp-content/uploads/headshots/nba/latest/260x190/1628386.png,"$20,000,000",Cleveland Cavaliers,C,32.0,6-11 / 2.11,234 lbs. / 106.1 kg.
9,Al-Farouq Aminu,https://ak-static.cms.nba.com/wp-content/uploads/headshots/nba/latest/260x190/202329.png,"$10,183,800",San Antonio Spurs,F,32.0,6-8 / 2.03,215 lbs. / 97.5 kg.
10,Kyle Anderson,https://ak-static.cms.nba.com/wp-content/uploads/headshots/nba/latest/260x190/203937.png,"$9,937,150",Memphis Grizzlies,F,32.0,6-9 / 2.06,230 lbs. / 104.3 kg.
11,Giannis Antetokounmpo,https://ak-static.cms.nba.com/wp-content/uploads/headshots/nba/latest/260x190/203507.png,"$39,344,900",Milwaukee Bucks,F-G,32.0,6-11 / 2.11,242 lbs. / 109.8 kg.
12,Kostas Antetokounmpo,https://ak-static.cms.nba.com/wp-content/uploads/headshots/nba/latest/260x190/1628961.png,"$605,933 ($608,226*)",,-,32.0,6-10 / 2.08,200 lbs. / 90.7 kg.
13,Thanasis Antetokounmpo,https://ak-static.cms.nba.com/wp-content/uploads/headshots/nba/latest/260x190/203648.png,"$1,729,217",Milwaukee Bucks,F,32.0,6-6 / 1.98,215 lbs. / 97.5 kg.
14,Carmelo Anthony,https://ak-static.cms.nba.com/wp-content/uploads/headshots/nba/latest/260x190/2546.png,"$2,641,691",Los Angeles Lakers,F,32.0,6-8 / 2.03,235 lbs. / 106.6 kg.
15,Cole Anthony,0,"$3,449,400",Orlando Magic,G,32.0,6-3 / 1.91,190 lbs. / 86.2 kg.
16,OG Anunoby,https://ak-static.cms.nba.com/wp-content/uploads/headshots/nba/latest/260x190/1628384.png,"$16,071,429",Toronto Raptors,F-G,32.0,6-7 / 2.01,232 lbs. / 105.2 kg.
17,Ryan Arcidiacono,https://ak-static.cms.nba.com/wp-content/uploads/headshots/nba/latest/260x190/1627853.png,"$7,501,633 ($7,561,375*)",,-,32.0,6-3 / 1.91,195 lbs. / 88.5 kg.
18,Trevor Ariza,https://ak-static.cms.nba.com/wp-content/uploads/headshots/nba/latest/260x190/2772.png,"$2,641,691",Los Angeles Lakers,F-G,32.0,6-8 / 2.03,210 lbs. / 95.3 kg.
19,D.J. Augustin,0,"$7,000,000",Houston Rockets,G,32.0,5-11 / 1.80,180 lbs. / 81.6 kg.
20,Deni Avdija,0,"$4,692,840",Washington Wizards,F,32.0,6-9 / 2.06,210 lbs. / 95.3 kg.
21,Deandre Ayton,https://ak-static.cms.nba.com/wp-content/uploads/headshots/nba/latest/260x190/1629028.png,"$12,632,950",Phoenix Suns,C,32.0,6-11 / 2.11,250 lbs. / 113.4 kg.
22,Udoka Azubuike,0,"$2,075,880",Utah Jazz,C,32.0,7-0 / 2.13,270 lbs. / 122.5 kg.
23,Dwayne Bacon,https://ak-static.cms.nba.com/wp-content/uploads/headshots/nba/latest/260x190/1628407.png,"$1,669,178",New York Knicks,G,32.0,6-6 / 1.98,220 lbs. / 99.8 kg.
24,Marvin Bagley III,https://ak-static.cms.nba.com/wp-content/uploads/headshots/nba/latest/260x190/1628963.png,"$11,312,114",Sacramento Kings,F,32.0,6-11 / 2.11,235 lbs. / 106.6 kg.
25,LaMelo Ball,0,"$8,231,760",Charlotte Hornets,G,32.0,6-7 / 2.01,181 lbs. / 82.1 kg.
26,Lonzo Ball,https://ak-static.cms.nba.com/wp-content/uploads/headshots/nba/latest/260x190/1628366.png,"$18,604,651",Chicago Bulls,G,32.0,6-6 / 1.98,190 lbs. / 86.2 kg.
27,Mo Bamba,https://ak-static.cms.nba.com/wp-content/uploads/headshots/nba/latest/260x190/1628964.png,"$7,568,743",Orlando Magic,C,32.0,7-0 / 2.13,225 lbs. / 102.1 kg.
28,Desmond Bane,0,"$2,033,160",Memphis Grizzlies,G,32.0,6-6 / 1.98,215 lbs. / 97.5 kg.
29,Harrison Barnes,https://ak-static.cms.nba.com/wp-content/uploads/headshots/nba/latest/260x190/203084.png,"$20,284,091",Sacramento Kings,F,32.0,6-8 / 2.03,210 lbs. / 95.3 kg.
30,RJ Barrett,https://ak-static.cms.nba.com/wp-content/uploads/headshots/nba/latest/260x190/1629628.png,"$8,623,920",New York Knicks,G,32.0,6-6 / 1.98,202 lbs. / 91.6 kg.
31,Will Barton,https://ak-static.cms.nba.com/wp-content/uploads/headshots/nba/latest/260x190/203115.png,"$15,625,000",Denver Nuggets,G,32.0,6-5 / 1.96,175 lbs. / 79.4 kg.
32,Keita Bates-Diop,https://ak-static.cms.nba.com/wp-content/uploads/headshots/nba/latest/260x190/1628966.png,"$1,729,217",San Antonio Spurs,F,32.0,6-8 / 2.03,235 lbs. / 106.6 kg.
33,Nicolas Batum,https://ak-static.cms.nba.com/wp-content/uploads/headshots/nba/latest/260x190/201587.png,"$12,026,998",Los Angeles Clippers,F-G,32.0,6-9 / 2.06,210 lbs. / 95.3 kg.
34,Aron Baynes,https://ak-static.cms.nba.com/wp-content/uploads/headshots/nba/latest/260x190/203382.png,"$38,075,340 ($39,713,093*)",,-,32.0,6-10 / 2.08,260 lbs. / 117.9 kg.
35,Kent Bazemore,https://ak-static.cms.nba.com/wp-content/uploads/headshots/nba/latest/260x190/203145.png,"$2,401,537",Los Angeles Lakers,G,32.0,6-4 / 1.93,195 lbs. / 88.5 kg.
36,Darius Bazley,https://ak-static.cms.nba.com/wp-content/uploads/headshots/nba/latest/260x190/1629647.png,"$2,513,040",Oklahoma City Thunder,F,32.0,6-8 / 2.03,200 lbs. / 90.7 kg.
37,Bradley Beal,https://ak-static.cms.nba.com/wp-content/uploads/headshots/nba/latest/260x190/203078.png,"$34,502,129",Washington Wizards,G,32.0,6-3 / 1.91,207 lbs. / 93.9 kg.
38,Malik Beasley,https://ak-static.cms.nba.com/wp-content/uploads/headshots/nba/latest/260x190/1627736.png,"$14,491,964",Minnesota Timberwolves,G,32.0,6-4 / 1.93,198 lbs. / 89.8 kg.
39,Jordan Bell,https://ak-static.cms.nba.com/wp-content/uploads/headshots/nba/latest/260x190/1628395.png,"$3,036,225 ($3,112,364*)",,-,32.0,6-8 / 2.03,224 lbs. / 101.6 kg.
40,DeAndre' Bembry,https://ak-static.cms.nba.com/wp-content/uploads/headshots/nba/latest/260x190/1627761.png,"$1,669,178",Brooklyn Nets,F,32.0,6-5 / 1.96,207 lbs. / 93.9 kg.
41,Dāvis Bertāns,https://ak-static.cms.nba.com/wp-content/uploads/headshots/nba/latest/260x190/202722.png,"$16,000,000",Washington Wizards,F,32.0,6-10 / 2.08,211 lbs. / 95.7 kg.
42,Patrick Beverley,https://ak-static.cms.nba.com/wp-content/uploads/headshots/nba/latest/260x190/201976.png,"$14,320,987",Minnesota Timberwolves,G,32.0,6-1 / 1.85,180 lbs. / 81.6 kg.
43,Saddiq Bey,0,"$2,824,320",Detroit Pistons,F,32.0,6-8 / 2.03,216 lbs. / 98 kg.
44,Tyler Bey,0,"$1,489,065",Houston Rockets,G-F,32.0,6-7 / 2.01,216 lbs. / 98 kg.
45,Khem Birch,https://ak-static.cms.nba.com/wp-content/uploads/headshots/nba/latest/260x190/203920.png,"$6,350,000",Toronto Raptors,C,32.0,6-9 / 2.06,209 lbs. / 94.8 kg.
46,Goga Bitadze,https://ak-static.cms.nba.com/wp-content/uploads/headshots/nba/latest/260x190/1629048.png,"$3,098,400",Indiana Pacers,C,32.0,6-11 / 2.11,250 lbs. / 113.4 kg.
47,Bismack Biyombo,https://ak-static.cms.nba.com/wp-content/uploads/headshots/nba/latest/260x190/202687.png,"$87,424,093 ($91,663,442*)",,-,32.0,6-8 / 2.03,229 lbs. / 103.9 kg.
48,Nemanja Bjelica,https://ak-static.cms.nba.com/wp-content/uploads/headshots/nba/latest/260x190/202357.png,"$2,089,448",Golden State Warriors,F-G,32.0,6-10 / 2.08,224 lbs. / 101.6 kg.
49,Eric Bledsoe,https://ak-static.cms.nba.com/wp-content/uploads/headshots/nba/latest/260x190/202339.png,"$18,125,000",Los Angeles Clippers,G,32.0,6-1 / 1.85,195 lbs. / 88.5 kg.
50,Keljin Blevins,0,"$449,115 ($449,115*)",,-,32.0,6-6 / 1.98,200 lbs. / 90.7 kg.
51,Bogdan Bogdanović,https://ak-static.cms.nba.com/wp-content/uploads/headshots/nba/latest/260x190/203992.png,"$18,000,000",Atlanta Hawks,G,32.0,6-6 / 1.98,205 lbs. / 93 kg.
52,Bojan Bogdanović,https://ak-static.cms.nba.com/wp-content/uploads/headshots/nba/latest/260x190/202711.png,"$18,700,000",Utah Jazz,G-F,32.0,6-8 / 2.03,216 lbs. / 98 kg.
53,Bol Bol,https://ak-static.cms.nba.com/wp-content/uploads/headshots/nba/latest/260x190/1629626.png,"$2,161,152",Denver Nuggets,C,32.0,7-2 / 2.18,235 lbs. / 106.6 kg.
54,Marques Bolden,0,"$449,115 ($449,115*)",,-,32.0,6-11 / 2.11,245 lbs. / 111.1 kg.
55,Jordan Bone,https://ak-static.cms.nba.com/wp-content/uploads/headshots/nba/latest/260x190/1629648.png,"$214,918 ($215,431*)",,-,32.0,6-3 / 1.91,180 lbs. / 81.6 kg.
56,Isaac Bonga,https://ak-static.cms.nba.com/wp-content/uploads/headshots/nba/latest/260x190/1629067.png,"$1,729,217",Toronto Raptors,G,32.0,6-8 / 2.03,200 lbs. / 90.7 kg.
57,Devin Booker,https://ak-static.cms.nba.com/wp-content/uploads/headshots/nba/latest/260x190/1626164.png,"$31,650,600",Phoenix Suns,G,32.0,6-5 / 1.96,206 lbs. / 93.4 kg.
58,Chris Boucher,https://ak-static.cms.nba.com/wp-content/uploads/headshots/nba/latest/260x190/1628449.png,"$7,020,000",Toronto Raptors,F-C,32.0,6-9 / 2.06,200 lbs. / 90.7 kg.
59,Brian Bowen,0,"$454,889 ($455,402*)",,-,32.0,6-6 / 1.98,190 lbs. / 86.2 kg.
60,Avery Bradley,https://ak-static.cms.nba.com/wp-content/uploads/headshots/nba/latest/260x190/202340.png,"$61,486,872 ($64,977,656*)",,-,32.0,6-3 / 1.91,195 lbs. / 88.5 kg.
61,Tony Bradley,https://ak-static.cms.nba.com/wp-content/uploads/headshots/nba/latest/260x190/1628396.png,"$1,789,256",Chicago Bulls,F-C,32.0,6-10 / 2.08,248 lbs. / 112.5 kg.
62,Jarrell Brantley,https://ak-static.cms.nba.com/wp-content/uploads/headshots/nba/latest/260x190/1629714.png,"$1,669,178",Utah Jazz,F,32.0,6-5 / 1.96,255 lbs. / 115.7 kg.
63,Ignas Brazdeikis,https://ak-static.cms.nba.com/wp-content/uploads/headshots/nba/latest/260x190/1629649.png,"$462,629",Orlando Magic,F,32.0,6-6 / 1.98,216 lbs. / 98 kg.
64,Mikal Bridges,https://ak-static.cms.nba.com/wp-content/uploads/headshots/nba/latest/260x190/1628969.png,"$5,557,725",Phoenix Suns,F-G,32.0,6-6 / 1.98,209 lbs. / 94.8 kg.
65,Miles Bridges,https://ak-static.cms.nba.com/wp-content/uploads/headshots/nba/latest/260x190/1628970.png,"$5,421,493",Charlotte Hornets,F,32.0,6-6 / 1.98,225 lbs. / 102.1 kg.
66,Amida Brimah,0,"$123,056 ($123,056*)",,-,32.0,7-0 / 2.13,230 lbs. / 104.3 kg.
67,Oshae Brissett,https://ak-static.cms.nba.com/wp-content/uploads/headshots/nba/latest/260x190/1629052.png,"$1,701,593",Indiana Pacers,F,32.0,6-7 / 2.01,210 lbs. / 95.3 kg.
68,Malcolm Brogdon,https://ak-static.cms.nba.com/wp-content/uploads/headshots/nba/latest/260x190/1627763.png,"$21,700,000",Indiana Pacers,G,32.0,6-5 / 1.96,223 lbs. / 101.2 kg.
69,Armoni Brooks,0,"$135,362 ($135,362*)",,-,32.0,6-3 / 1.91,185 lbs. / 83.9 kg.
70,Dillon Brooks,https://ak-static.cms.nba.com/wp-content/uploads/headshots/nba/latest/260x190/1628415.png,"$12,200,000",Memphis Grizzlies,G-F,32.0,6-7 / 2.01,225 lbs. / 102.1 kg.
71,Bruce Brown,https://ak-static.cms.nba.com/wp-content/uploads/headshots/nba/latest/260x190/1628971.png,"$4,736,102",Brooklyn Nets,G,32.0,6-4 / 1.93,190 lbs. / 86.2 kg.
72,Charlie Brown,0,"$1,701,593",Oklahoma City Thunder,G,32.0,6-6 / 1.98,199 lbs. / 90.3 kg.
73,Jaylen Brown,https://ak-static.cms.nba.com/wp-content/uploads/headshots/nba/latest/260x190/1627759.png,"$25,633,928",Boston Celtics,F,32.0,6-6 / 1.98,223 lbs. / 101.2 kg.
74,Moses Brown,https://ak-static.cms.nba.com/wp-content/uploads/headshots/nba/latest/260x190/1629650.png,"$1,701,593",Dallas Mavericks,C,32.0,7-2 / 2.18,245 lbs. / 111.1 kg.
75,Sterling Brown,https://ak-static.cms.nba.com/wp-content/uploads/headshots/nba/latest/260x190/1628425.png,"$3,000,000",Dallas Mavericks,G,32.0,6-5 / 1.96,230 lbs. / 104.3 kg.
76,Troy Brown Jr.,0,"$5,170,564",Chicago Bulls,F-G,32.0,6-6 / 1.98,215 lbs. / 97.5 kg.
77,Jalen Brunson,https://ak-static.cms.nba.com/wp-content/uploads/headshots/nba/latest/260x190/1628973.png,"$1,802,057",Dallas Mavericks,G,32.0,6-1 / 1.85,190 lbs. / 86.2 kg.
78,Elijah Bryant,0,"$1,517,981",Milwaukee Bucks,G,32.0,6-5 / 1.96,210 lbs. / 95.3 kg.
79,Thomas Bryant,https://ak-static.cms.nba.com/wp-content/uploads/headshots/nba/latest/260x190/1628418.png,"$8,666,667",Washington Wizards,F-C,32.0,6-10 / 2.08,241 lbs. / 109.3 kg.
80,Reggie Bullock,https://ak-static.cms.nba.com/wp-content/uploads/headshots/nba/latest/260x190/203493.png,"$9,536,000",Dallas Mavericks,G,32.0,6-6 / 1.98,200 lbs. / 90.7 kg.
81,Trey Burke,https://ak-static.cms.nba.com/wp-content/uploads/headshots/nba/latest/260x190/203504.png,"$3,150,000",Dallas Mavericks,G,32.0,6-0 / 1.83,191 lbs. / 86.6 kg.
82,Alec Burks,https://ak-static.cms.nba.com/wp-content/uploads/headshots/nba/latest/260x190/202692.png,"$9,536,000",New York Knicks,G,32.0,6-6 / 1.98,195 lbs. / 88.5 kg.
83,Jimmy Butler,https://ak-static.cms.nba.com/wp-content/uploads/headshots/nba/latest/260x190/202710.png,"$36,016,200",Miami Heat,G,32.0,6-7 / 2.01,220 lbs. / 99.8 kg.
84,Bruno Caboclo,https://ak-static.cms.nba.com/wp-content/uploads/headshots/nba/latest/260x190/203998.png,"$11,602,480 ($12,111,213*)",,-,32.0,6-9 / 2.06,220 lbs. / 99.8 kg.
85,Devontae Cacok,https://ak-static.cms.nba.com/wp-content/uploads/headshots/nba/latest/260x190/1629719.png,"$528,683 ($529,196*)",,-,32.0,6-7 / 2.01,240 lbs. / 108.9 kg.
86,Kentavious Caldwell-Pope,https://ak-static.cms.nba.com/wp-content/uploads/headshots/nba/latest/260x190/203484.png,"$13,038,862",Washington Wizards,G,32.0,6-5 / 1.96,204 lbs. / 92.5 kg.
87,Facundo Campazzo,0,"$3,200,000",Denver Nuggets,G,32.0,5-11 / 1.80,195 lbs. / 88.5 kg.
88,Vlatko Čančar,https://ak-static.cms.nba.com/wp-content/uploads/headshots/nba/latest/260x190/1628427.png,"$1,782,621",Denver Nuggets,G,32.0,6-8 / 2.03,210 lbs. / 95.3 kg.
89,Devin Cannady,0,,,-,32.0,6-1 / 1.85,185 lbs. / 83.9 kg.
90,Clint Capela,https://ak-static.cms.nba.com/wp-content/uploads/headshots/nba/latest/260x190/203991.png,"$18,603,448",Atlanta Hawks,C,32.0,6-10 / 2.08,211 lbs. / 95.7 kg.
91,Vernon Carey Jr.,0,"$1,517,981",Charlotte Hornets,C,32.0,6-10 / 2.08,270 lbs. / 122.5 kg.
92,Jevon Carter,https://ak-static.cms.nba.com/wp-content/uploads/headshots/nba/latest/260x190/1628975.png,"$3,650,000",Brooklyn Nets,G,32.0,6-1 / 1.85,200 lbs. / 90.7 kg.
93,Wendell Carter Jr.,0,"$6,920,027",Orlando Magic,C,32.0,6-9 / 2.06,259 lbs. / 117.5 kg.
94,Michael Carter-Williams,https://ak-static.cms.nba.com/wp-content/uploads/headshots/nba/latest/260x190/203487.png,"$3,300,000",Orlando Magic,G,32.0,6-5 / 1.96,184 lbs. / 83.5 kg.
95,Alex Caruso,https://ak-static.cms.nba.com/wp-content/uploads/headshots/nba/latest/260x190/1627936.png,"$8,600,000",Chicago Bulls,G,32.0,6-5 / 1.96,186 lbs. / 84.4 kg.
96,Willie Cauley-Stein,https://ak-static.cms.nba.com/wp-content/uploads/headshots/nba/latest/260x190/1626161.png,"$4,100,000",Dallas Mavericks,C,32.0,7-0 / 2.13,242 lbs. / 109.8 kg.
97,Chris Chiozza,https://ak-static.cms.nba.com/wp-content/uploads/headshots/nba/latest/260x190/1629185.png,"$462,629",Golden State Warriors,G,32.0,5-11 / 1.80,175 lbs. / 79.4 kg.
98,Marquese Chriss,https://ak-static.cms.nba.com/wp-content/uploads/headshots/nba/latest/260x190/1627737.png, ,Portland Trail Blazers,F,32.0,6-9 / 2.06,233 lbs. / 105.7 kg.
99,Gary Clark,https://ak-static.cms.nba.com/wp-content/uploads/headshots/nba/latest/260x190/1629109.png,"$3,411,345 ($3,431,523*)",,-,32.0,6-6 / 1.98,225 lbs. / 102.1 kg.
100,Brandon Clarke,https://ak-static.cms.nba.com/wp-content/uploads/headshots/nba/latest/260x190/1629634.png,"$2,726,880",Memphis Grizzlies,F,32.0,6-8 / 2.03,215 lbs. / 97.5 kg.
101,Jordan Clarkson,https://ak-static.cms.nba.com/wp-content/uploads/headshots/nba/latest/260x190/203903.png,"$12,420,000",Utah Jazz,G,32.0,6-4 / 1.93,186 lbs. / 84.4 kg.
102,Nicolas Claxton,https://ak-static.cms.nba.com/wp-content/uploads/headshots/nba/latest/260x190/1629651.png,"$1,782,621",Brooklyn Nets,C,32.0,6-11 / 2.11,215 lbs. / 97.5 kg.
103,Amir Coffey,https://ak-static.cms.nba.com/wp-content/uploads/headshots/nba/latest/260x190/1629599.png,"$658,410 ($658,923*)",,-,32.0,6-7 / 2.01,210 lbs. / 95.3 kg.
104,John Collins,https://ak-static.cms.nba.com/wp-content/uploads/headshots/nba/latest/260x190/1628381.png,"$23,500,000",Atlanta Hawks,F,32.0,6-9 / 2.06,225 lbs. / 102.1 kg.
105,Mike Conley,https://ak-static.cms.nba.com/wp-content/uploads/headshots/nba/latest/260x190/201144.png,"$21,000,000",Utah Jazz,G,32.0,6-1 / 1.85,185 lbs. / 83.9 kg.
106,Pat Connaughton,https://ak-static.cms.nba.com/wp-content/uploads/headshots/nba/latest/260x190/1626192.png,"$5,333,334",Milwaukee Bucks,G,32.0,6-5 / 1.96,215 lbs. / 97.5 kg.
107,Quinn Cook,https://ak-static.cms.nba.com/wp-content/uploads/headshots/nba/latest/260x190/1626188.png,"$6,812,336 ($6,883,942*)",,-,32.0,6-1 / 1.85,180 lbs. / 81.6 kg.
108,Tyler Cook,https://ak-static.cms.nba.com/wp-content/uploads/headshots/nba/latest/260x190/1629076.png,"$1,669,178",Chicago Bulls,F,32.0,6-9 / 2.06,255 lbs. / 115.7 kg.
109,DeMarcus Cousins,https://ak-static.cms.nba.com/wp-content/uploads/headshots/nba/latest/260x190/202326.png,"$89,939,347 ($96,552,367*)",,-,32.0,6-10 / 2.08,270 lbs. / 122.5 kg.
110,Robert Covington,https://ak-static.cms.nba.com/wp-content/uploads/headshots/nba/latest/260x190/203496.png,"$12,975,471",Portland Trail Blazers,F,32.0,6-7 / 2.01,209 lbs. / 94.8 kg.
111,Torrey Craig,https://ak-static.cms.nba.com/wp-content/uploads/headshots/nba/latest/260x190/1628470.png,"$4,878,049",Indiana Pacers,G,32.0,6-7 / 2.01,215 lbs. / 97.5 kg.
112,Jae Crowder,https://ak-static.cms.nba.com/wp-content/uploads/headshots/nba/latest/260x190/203109.png,"$9,720,900",Phoenix Suns,F,32.0,6-6 / 1.98,235 lbs. / 106.6 kg.
113,Jarrett Culver,https://ak-static.cms.nba.com/wp-content/uploads/headshots/nba/latest/260x190/1629633.png,"$6,395,160",Memphis Grizzlies,G,32.0,6-6 / 1.98,195 lbs. / 88.5 kg.
114,Seth Curry,https://ak-static.cms.nba.com/wp-content/uploads/headshots/nba/latest/260x190/203552.png,"$8,207,518",Philadelphia 76ers,G,32.0,6-2 / 1.88,180 lbs. / 81.6 kg.
115,Stephen Curry,https://ak-static.cms.nba.com/wp-content/uploads/headshots/nba/latest/260x190/201939.png,"$45,780,966",Golden State Warriors,G,32.0,6-3 / 1.91,185 lbs. / 83.9 kg.
116,Nate Darling,0,"$449,115 ($449,115*)",,-,32.0,6-5 / 1.96,200 lbs. / 90.7 kg.
117,Anthony Davis,https://ak-static.cms.nba.com/wp-content/uploads/headshots/nba/latest/260x190/203076.png,"$35,361,360",Los Angeles Lakers,F-C,32.0,6-10 / 2.08,222 lbs. / 100.7 kg.
118,Ed Davis,https://ak-static.cms.nba.com/wp-content/uploads/headshots/nba/latest/260x190/202334.png,"$44,545,534 ($47,360,891*)",,-,32.0,6-9 / 2.06,215 lbs. / 97.5 kg.
119,Terence Davis,https://ak-static.cms.nba.com/wp-content/uploads/headshots/nba/latest/260x190/1629056.png,"$4,000,000",Sacramento Kings,F,32.0,6-4 / 1.93,201 lbs. / 91.2 kg.
120,Gabriel Deck,0,"$3,676,852",Oklahoma City Thunder,F,32.0,6-6 / 1.98,210 lbs. / 95.3 kg.
121,Dewayne Dedmon,https://ak-static.cms.nba.com/wp-content/uploads/headshots/nba/latest/260x190/203473.png,"$5,256,308",Miami Heat,C,32.0,7-0 / 2.13,239 lbs. / 108.4 kg.
122,Matthew Dellavedova,https://ak-static.cms.nba.com/wp-content/uploads/headshots/nba/latest/260x190/203521.png,"$43,258,256 ($44,940,065*)",,-,32.0,6-3 / 1.91,190 lbs. / 86.2 kg.
123,DeMar DeRozan,https://ak-static.cms.nba.com/wp-content/uploads/headshots/nba/latest/260x190/201942.png,"$26,000,000",Chicago Bulls,G-F,32.0,6-6 / 1.98,220 lbs. / 99.8 kg.
124,Mamadi Diakite,0,"$1,517,981",Milwaukee Bucks,F,32.0,6-9 / 2.06,224 lbs. / 101.6 kg.
125,Hamidou Diallo,https://ak-static.cms.nba.com/wp-content/uploads/headshots/nba/latest/260x190/1628977.png,"$5,200,000",Detroit Pistons,G,32.0,6-5 / 1.96,198 lbs. / 89.8 kg.
126,Gorgui Dieng,https://ak-static.cms.nba.com/wp-content/uploads/headshots/nba/latest/260x190/203476.png,"$4,000,000",Atlanta Hawks,C,32.0,6-10 / 2.08,230 lbs. / 104.3 kg.
127,Spencer Dinwiddie,https://ak-static.cms.nba.com/wp-content/uploads/headshots/nba/latest/260x190/203915.png,"$18,642,857",Washington Wizards,G,32.0,6-5 / 1.96,205 lbs. / 93 kg.
128,Donte DiVincenzo,https://ak-static.cms.nba.com/wp-content/uploads/headshots/nba/latest/260x190/1628978.png,"$4,675,830",Milwaukee Bucks,G,32.0,6-4 / 1.93,205 lbs. / 93 kg.
129,Luka Dončić,https://ak-static.cms.nba.com/wp-content/uploads/headshots/nba/latest/260x190/1629029.png,"$10,174,391",Dallas Mavericks,G-F,32.0,6-7 / 2.01,227 lbs. / 103 kg.
130,Luguentz Dort,https://ak-static.cms.nba.com/wp-content/uploads/headshots/nba/latest/260x190/1629652.png,"$1,782,621",Oklahoma City Thunder,G,32.0,6-3 / 1.91,215 lbs. / 97.5 kg.
131,Damyean Dotson,https://ak-static.cms.nba.com/wp-content/uploads/headshots/nba/latest/260x190/1628422.png,"$6,096,762 ($6,196,647*)",,-,32.0,6-5 / 1.96,202 lbs. / 91.6 kg.
132,Devon Dotson,0,"$462,629",Chicago Bulls,G,32.0,6-2 / 1.88,185 lbs. / 83.9 kg.
133,Sekou Doumbouya,https://ak-static.cms.nba.com/wp-content/uploads/headshots/nba/latest/260x190/1629635.png,"$3,613,680",Brooklyn Nets,F,32.0,6-8 / 2.03,209 lbs. / 94.8 kg.
134,PJ Dozier,https://ak-static.cms.nba.com/wp-content/uploads/headshots/nba/latest/260x190/1628408.png,"$1,910,860",Denver Nuggets,G,32.0,6-6 / 1.98,205 lbs. / 93 kg.
135,Goran Dragić,https://ak-static.cms.nba.com/wp-content/uploads/headshots/nba/latest/260x190/201609.png,"$19,440,000",Toronto Raptors,G,32.0,6-3 / 1.91,190 lbs. / 86.2 kg.
136,Andre Drummond,https://ak-static.cms.nba.com/wp-content/uploads/headshots/nba/latest/260x190/203083.png,"$2,401,537",Philadelphia 76ers,C,32.0,6-10 / 2.08,270 lbs. / 122.5 kg.
137,Jared Dudley,https://ak-static.cms.nba.com/wp-content/uploads/headshots/nba/latest/260x190/201162.png,"$62,197,534 ($67,081,489*)",,-,32.0,6-6 / 1.98,225 lbs. / 102.1 kg.
138,Kris Dunn,https://ak-static.cms.nba.com/wp-content/uploads/headshots/nba/latest/260x190/1627739.png,"$5,005,350",Memphis Grizzlies,G,32.0,6-3 / 1.91,205 lbs. / 93 kg.
139,Kevin Durant,https://ak-static.cms.nba.com/wp-content/uploads/headshots/nba/latest/260x190/201142.png,"$40,918,900",Brooklyn Nets,F,32.0,6-10 / 2.08,230 lbs. / 104.3 kg.
140,Anthony Edwards,0,"$10,245,480",Minnesota Timberwolves,G,32.0,6-6 / 1.98,225 lbs. / 102.1 kg.
141,Carsen Edwards,https://ak-static.cms.nba.com/wp-content/uploads/headshots/nba/latest/260x190/1629035.png,"$1,782,621",Memphis Grizzlies,G,32.0,5-11 / 1.80,200 lbs. / 90.7 kg.
142,CJ Elleby,0,"$1,517,981",Portland Trail Blazers,F,32.0,6-6 / 1.98,200 lbs. / 90.7 kg.
143,Henry Ellenson,https://ak-static.cms.nba.com/wp-content/uploads/headshots/nba/latest/260x190/1627740.png,"$5,853,214 ($6,115,900*)",,-,32.0,6-10 / 2.08,242 lbs. / 109.8 kg.
144,Wayne Ellington,https://ak-static.cms.nba.com/wp-content/uploads/headshots/nba/latest/260x190/201961.png,"$2,641,691",Los Angeles Lakers,G,32.0,6-4 / 1.93,200 lbs. / 90.7 kg.
145,Joel Embiid,https://ak-static.cms.nba.com/wp-content/uploads/headshots/nba/latest/260x190/203954.png,"$31,579,390",Philadelphia 76ers,C,32.0,7-0 / 2.13,250 lbs. / 113.4 kg.
146,James Ennis,0,"$14,182,505 ($14,709,786*)",,-,32.0,6-6 / 1.98,201 lbs. / 91.2 kg.
147,Drew Eubanks,https://ak-static.cms.nba.com/wp-content/uploads/headshots/nba/latest/260x190/1629234.png,"$1,762,796",San Antonio Spurs,C,32.0,6-9 / 2.06,250 lbs. / 113.4 kg.
148,Dante Exum,https://ak-static.cms.nba.com/wp-content/uploads/headshots/nba/latest/260x190/203957.png,"$46,125,425 ($47,566,130*)",,-,32.0,6-5 / 1.96,196 lbs. / 88.9 kg.
149,Tacko Fall,https://ak-static.cms.nba.com/wp-content/uploads/headshots/nba/latest/260x190/1629605.png, ,Cleveland Cavaliers,C,32.0,7-5 / 2.26,311 lbs. / 141.1 kg.
150,Derrick Favors,https://ak-static.cms.nba.com/wp-content/uploads/headshots/nba/latest/260x190/202324.png,"$9,720,900",Oklahoma City Thunder,F,32.0,6-9 / 2.06,246 lbs. / 111.6 kg.
151,Cristiano Felício,https://ak-static.cms.nba.com/wp-content/uploads/headshots/nba/latest/260x190/1626245.png,"$33,399,729 ($34,161,889*)",,-,32.0,6-10 / 2.08,270 lbs. / 122.5 kg.
152,Terrance Ferguson,https://ak-static.cms.nba.com/wp-content/uploads/headshots/nba/latest/260x190/1628390.png,"$10,323,693 ($10,482,096*)",,-,32.0,6-6 / 1.98,184 lbs. / 83.5 kg.
153,Bruno Fernando,https://ak-static.cms.nba.com/wp-content/uploads/headshots/nba/latest/260x190/1628981.png,"$1,782,621",Boston Celtics,F,32.0,6-9 / 2.06,245 lbs. / 111.1 kg.
154,Yogi Ferrell,https://ak-static.cms.nba.com/wp-content/uploads/headshots/nba/latest/260x190/1627812.png,"$8,316,060 ($8,502,852*)",,-,32.0,6-0 / 1.83,178 lbs. / 80.7 kg.
155,Dorian Finney-Smith,https://ak-static.cms.nba.com/wp-content/uploads/headshots/nba/latest/260x190/1627827.png,"$4,000,000",Dallas Mavericks,F,32.0,6-7 / 2.01,213 lbs. / 96.6 kg.
156,Malik Fitts,0,"$61,528 ($61,528*)",,-,32.0,6-8 / 2.03,230 lbs. / 104.3 kg.
157,Malachi Flynn,0,"$2,048,040",Toronto Raptors,G,32.0,6-1 / 1.85,185 lbs. / 83.9 kg.
158,Bryn Forbes,https://ak-static.cms.nba.com/wp-content/uploads/headshots/nba/latest/260x190/1627854.png,"$4,500,000",San Antonio Spurs,G,32.0,6-2 / 1.88,187 lbs. / 84.8 kg.
159,Trent Forrest,0,"$462,629",Utah Jazz,G,32.0,6-4 / 1.93,210 lbs. / 95.3 kg.
160,Evan Fournier,https://ak-static.cms.nba.com/wp-content/uploads/headshots/nba/latest/260x190/203095.png,"$17,142,857",New York Knicks,G,32.0,6-7 / 2.01,190 lbs. / 86.2 kg.
161,De'Aaron Fox,https://ak-static.cms.nba.com/wp-content/uploads/headshots/nba/latest/260x190/1628368.png,"$28,103,500",Sacramento Kings,G,32.0,6-3 / 1.91,171 lbs. / 77.6 kg.
162,Robert Franks,0,,,-,32.0,6-7 / 2.01,225 lbs. / 102.1 kg.
163,Tim Frazier,https://ak-static.cms.nba.com/wp-content/uploads/headshots/nba/latest/260x190/204025.png,"$7,616,221 ($7,996,984*)",,-,32.0,6-0 / 1.83,170 lbs. / 77.1 kg.
164,Markelle Fultz,https://ak-static.cms.nba.com/wp-content/uploads/headshots/nba/latest/260x190/1628365.png,"$16,500,000",Orlando Magic,G,32.0,6-3 / 1.91,195 lbs. / 88.5 kg.
165,Wenyen Gabriel,https://ak-static.cms.nba.com/wp-content/uploads/headshots/nba/latest/260x190/1629117.png,"$1,762,796",New Orleans Pelicans,F,32.0,6-9 / 2.06,213 lbs. / 96.6 kg.
166,Daniel Gafford,https://ak-static.cms.nba.com/wp-content/uploads/headshots/nba/latest/260x190/1629655.png,"$1,782,621",Washington Wizards,F,32.0,6-10 / 2.08,234 lbs. / 106.1 kg.
167,Danilo Gallinari,https://ak-static.cms.nba.com/wp-content/uploads/headshots/nba/latest/260x190/201568.png,"$20,475,000",Atlanta Hawks,F,32.0,6-10 / 2.08,225 lbs. / 102.1 kg.
168,Langston Galloway,https://ak-static.cms.nba.com/wp-content/uploads/headshots/nba/latest/260x190/204038.png,"$29,369,108 ($30,381,276*)",,-,32.0,6-1 / 1.85,202 lbs. / 91.6 kg.
169,Darius Garland,https://ak-static.cms.nba.com/wp-content/uploads/headshots/nba/latest/260x190/1629636.png,"$7,040,880",Cleveland Cavaliers,G,32.0,6-1 / 1.85,175 lbs. / 79.4 kg.
170,Marc Gasol,https://ak-static.cms.nba.com/wp-content/uploads/headshots/nba/latest/260x190/201188.png,"$2,692,991",Memphis Grizzlies,C,32.0,6-11 / 2.11,265 lbs. / 120.2 kg.
171,Rudy Gay,https://ak-static.cms.nba.com/wp-content/uploads/headshots/nba/latest/260x190/200752.png,"$5,890,000",Utah Jazz,F,32.0,6-8 / 2.03,230 lbs. / 104.3 kg.
172,Paul George,https://ak-static.cms.nba.com/wp-content/uploads/headshots/nba/latest/260x190/202331.png,"$39,344,970",Los Angeles Clippers,F,32.0,6-8 / 2.03,210 lbs. / 95.3 kg.
173,Taj Gibson,https://ak-static.cms.nba.com/wp-content/uploads/headshots/nba/latest/260x190/201959.png,"$4,910,000",New York Knicks,F,32.0,6-9 / 2.06,225 lbs. / 102.1 kg.
174,Harry Giles,0,"$1,729,217",Los Angeles Clippers,F-C,32.0,6-11 / 2.11,232 lbs. / 105.2 kg.
175,Shai Gilgeous-Alexander,https://ak-static.cms.nba.com/wp-content/uploads/headshots/nba/latest/260x190/1628983.png,"$5,495,532",Oklahoma City Thunder,G,32.0,6-5 / 1.96,180 lbs. / 81.6 kg.
176,Anthony Gill,0,"$1,517,981",Washington Wizards,F,32.0,6-8 / 2.03,230 lbs. / 104.3 kg.
177,Freddie Gillespie,0,"$1,517,981",Toronto Raptors,F,32.0,6-9 / 2.06,245 lbs. / 111.1 kg.
178,Rudy Gobert,https://ak-static.cms.nba.com/wp-content/uploads/headshots/nba/latest/260x190/203497.png,"$34,844,000",Utah Jazz,C,32.0,7-1 / 2.16,255 lbs. / 115.7 kg.
179,Brandon Goodwin,https://ak-static.cms.nba.com/wp-content/uploads/headshots/nba/latest/260x190/1629164.png,"$2,281,176 ($2,285,861*)",,-,32.0,6-0 / 1.83,180 lbs. / 81.6 kg.
180,Aaron Gordon,https://ak-static.cms.nba.com/wp-content/uploads/headshots/nba/latest/260x190/203932.png,"$16,409,091",Denver Nuggets,F,32.0,6-8 / 2.03,220 lbs. / 99.8 kg.
181,Eric Gordon,https://ak-static.cms.nba.com/wp-content/uploads/headshots/nba/latest/260x190/201569.png,"$18,218,818",Houston Rockets,G,32.0,6-3 / 1.91,215 lbs. / 97.5 kg.
182,Devonte' Graham,https://ak-static.cms.nba.com/wp-content/uploads/headshots/nba/latest/260x190/1628984.png,"$11,000,000",New Orleans Pelicans,G,32.0,6-1 / 1.85,185 lbs. / 83.9 kg.
183,Jerami Grant,https://ak-static.cms.nba.com/wp-content/uploads/headshots/nba/latest/260x190/203924.png,"$20,002,500",Detroit Pistons,F,32.0,6-8 / 2.03,214 lbs. / 97.1 kg.
184,Danny Green,https://ak-static.cms.nba.com/wp-content/uploads/headshots/nba/latest/260x190/201980.png,"$10,000,000",Philadelphia 76ers,G,32.0,6-6 / 1.98,209 lbs. / 94.8 kg.
185,Draymond Green,https://ak-static.cms.nba.com/wp-content/uploads/headshots/nba/latest/260x190/203110.png,"$24,026,712",Golden State Warriors,F,32.0,6-6 / 1.98,230 lbs. / 104.3 kg.
186,JaMychal Green,https://ak-static.cms.nba.com/wp-content/uploads/headshots/nba/latest/260x190/203210.png,"$8,200,000",Denver Nuggets,F,32.0,6-8 / 2.03,220 lbs. / 99.8 kg.
187,Javonte Green,https://ak-static.cms.nba.com/wp-content/uploads/headshots/nba/latest/260x190/1629750.png,"$1,669,178",Chicago Bulls,G,32.0,6-4 / 1.93,220 lbs. / 99.8 kg.
188,Jeff Green,https://ak-static.cms.nba.com/wp-content/uploads/headshots/nba/latest/260x190/201145.png,"$4,500,000",Denver Nuggets,F,32.0,6-8 / 2.03,235 lbs. / 106.6 kg.
189,Josh Green,0,"$2,957,520",Dallas Mavericks,G,32.0,6-6 / 1.98,210 lbs. / 95.3 kg.
190,Blake Griffin,https://ak-static.cms.nba.com/wp-content/uploads/headshots/nba/latest/260x190/201933.png,"$32,405,817",Brooklyn Nets,F,32.0,6-9 / 2.06,252 lbs. / 114.3 kg.
191,Kyle Guy,https://ak-static.cms.nba.com/wp-content/uploads/headshots/nba/latest/260x190/1629657.png,"$617,456 ($617,969*)",,-,32.0,6-1 / 1.85,174 lbs. / 78.9 kg.
192,Rui Hachimura,https://ak-static.cms.nba.com/wp-content/uploads/headshots/nba/latest/260x190/1629060.png,"$4,916,160",Washington Wizards,F,32.0,6-8 / 2.03,225 lbs. / 102.1 kg.
193,Ashton Hagans,0,"$166,111 ($166,111*)",,-,32.0,6-3 / 1.91,198 lbs. / 89.8 kg.
194,Tyrese Haliburton,0,"$4,023,600",Sacramento Kings,G,32.0,6-5 / 1.96,175 lbs. / 79.4 kg.
195,Donta Hall,0,"$477,780 ($478,435*)",,-,32.0,6-9 / 2.06,230 lbs. / 104.3 kg.
196,Josh Hall,0,"$462,629",Oklahoma City Thunder,F,32.0,6-9 / 2.06,190 lbs. / 86.2 kg.
197,R.J. Hampton,0,"$2,303,040",Orlando Magic,G,32.0,6-6 / 1.98,195 lbs. / 88.5 kg.
198,Tim Hardaway Jr.,0,"$46,661,390 ($74,567,857*)",,-,32.0,6-0 / 1.83,195 lbs. / 88.5 kg.
199,James Harden,https://ak-static.cms.nba.com/wp-content/uploads/headshots/nba/latest/260x190/201935.png,"$44,310,840",Brooklyn Nets,G,32.0,6-5 / 1.96,220 lbs. / 99.8 kg.
200,Maurice Harkless,https://ak-static.cms.nba.com/wp-content/uploads/headshots/nba/latest/260x190/203090.png,,,,32.0,,
201,Jared Harper,https://ak-static.cms.nba.com/wp-content/uploads/headshots/nba/latest/260x190/1629607.png,"$600,055 ($600,568*)",,-,32.0,5-10 / 1.78,175 lbs. / 79.4 kg.
202,Montrezl Harrell,https://ak-static.cms.nba.com/wp-content/uploads/headshots/nba/latest/260x190/1626149.png,"$9,720,900",Washington Wizards,F-C,32.0,6-7 / 2.01,253 lbs. / 114.8 kg.
203,Gary Harris,https://ak-static.cms.nba.com/wp-content/uploads/headshots/nba/latest/260x190/203914.png,"$20,932,143",Orlando Magic,G,32.0,6-4 / 1.93,205 lbs. / 93 kg.
204,Jalen Harris,0,"$449,115 ($449,115*)",,-,32.0,6-5 / 1.96,195 lbs. / 88.5 kg.
205,Joe Harris,https://ak-static.cms.nba.com/wp-content/uploads/headshots/nba/latest/260x190/203925.png,"$16,201,074",Brooklyn Nets,G,32.0,6-6 / 1.98,215 lbs. / 97.5 kg.
206,Tobias Harris,https://ak-static.cms.nba.com/wp-content/uploads/headshots/nba/latest/260x190/202699.png,"$35,995,950",Philadelphia 76ers,F,32.0,6-8 / 2.03,226 lbs. / 102.5 kg.
207,Shaquille Harrison,https://ak-static.cms.nba.com/wp-content/uploads/headshots/nba/latest/260x190/1627885.png,"$4,091,542 ($4,144,635*)",,-,32.0,6-7 / 2.01,190 lbs. / 86.2 kg.
208,Josh Hart,https://ak-static.cms.nba.com/wp-content/uploads/headshots/nba/latest/260x190/1628404.png,"$12,000,000",New Orleans Pelicans,G,32.0,6-5 / 1.96,204 lbs. / 92.5 kg.
209,Isaiah Hartenstein,https://ak-static.cms.nba.com/wp-content/uploads/headshots/nba/latest/260x190/1628392.png,"$2,459,028 ($2,478,353*)",,-,32.0,7-0 / 2.13,250 lbs. / 113.4 kg.
210,Udonis Haslem,https://ak-static.cms.nba.com/wp-content/uploads/headshots/nba/latest/260x190/2617.png,"$2,641,691",Miami Heat,F,32.0,6-8 / 2.03,235 lbs. / 106.6 kg.
211,Jaxson Hayes,https://ak-static.cms.nba.com/wp-content/uploads/headshots/nba/latest/260x190/1629637.png,"$5,348,280",New Orleans Pelicans,F-C,32.0,6-11 / 2.11,220 lbs. / 99.8 kg.
212,Killian Hayes,0,"$5,572,680",Detroit Pistons,G,32.0,6-5 / 1.96,216 lbs. / 98 kg.
213,Gordon Hayward,https://ak-static.cms.nba.com/wp-content/uploads/headshots/nba/latest/260x190/202330.png,"$29,925,000",Charlotte Hornets,F,32.0,6-7 / 2.01,207 lbs. / 93.9 kg.
214,Juan Hernangómez,0,"$6,907,815",Boston Celtics,F,32.0,6-9 / 2.06,220 lbs. / 99.8 kg.
215,Willy Hernangómez,https://ak-static.cms.nba.com/wp-content/uploads/headshots/nba/latest/260x190/1626195.png,"$2,330,000",New Orleans Pelicans,C-F,32.0,6-11 / 2.11,255 lbs. / 115.7 kg.
216,Tyler Herro,https://ak-static.cms.nba.com/wp-content/uploads/headshots/nba/latest/260x190/1629639.png,"$4,004,280",Miami Heat,G,32.0,6-5 / 1.96,195 lbs. / 88.5 kg.
217,Buddy Hield,https://ak-static.cms.nba.com/wp-content/uploads/headshots/nba/latest/260x190/1627741.png,"$23,085,960",Sacramento Kings,G,32.0,6-4 / 1.93,212 lbs. / 96.2 kg.
218,George Hill,https://ak-static.cms.nba.com/wp-content/uploads/headshots/nba/latest/260x190/201588.png,"$5,275,491",Milwaukee Bucks,G,32.0,6-3 / 1.91,180 lbs. / 81.6 kg.
219,Solomon Hill,https://ak-static.cms.nba.com/wp-content/uploads/headshots/nba/latest/260x190/203524.png,"$2,389,641",Atlanta Hawks,F,32.0,6-6 / 1.98,226 lbs. / 102.5 kg.
220,Nate Hinton,0,"$1,489,065",Indiana Pacers,G,32.0,6-5 / 1.96,210 lbs. / 95.3 kg.
221,Jaylen Hoard,https://ak-static.cms.nba.com/wp-content/uploads/headshots/nba/latest/260x190/1629658.png,"$208,777 ($209,290*)",,-,32.0,6-8 / 2.03,216 lbs. / 98 kg.
222,Aaron Holiday,https://ak-static.cms.nba.com/wp-content/uploads/headshots/nba/latest/260x190/1628988.png,"$3,980,551",Washington Wizards,G,32.0,6-0 / 1.83,185 lbs. / 83.9 kg.
223,Jrue Holiday,https://ak-static.cms.nba.com/wp-content/uploads/headshots/nba/latest/260x190/201950.png,"$32,431,333",Milwaukee Bucks,G,32.0,6-3 / 1.91,180 lbs. / 81.6 kg.
224,Justin Holiday,https://ak-static.cms.nba.com/wp-content/uploads/headshots/nba/latest/260x190/203200.png,"$6,006,420",Indiana Pacers,G,32.0,6-6 / 1.98,180 lbs. / 81.6 kg.
225,Rondae Hollis-Jefferson,https://ak-static.cms.nba.com/wp-content/uploads/headshots/nba/latest/260x190/1626178.png,"$9,660,113 ($10,013,886*)",,-,32.0,6-6 / 1.98,211 lbs. / 95.7 kg.
226,Richaun Holmes,https://ak-static.cms.nba.com/wp-content/uploads/headshots/nba/latest/260x190/1626158.png,"$10,384,500",Sacramento Kings,F,32.0,6-10 / 2.08,243 lbs. / 110.2 kg.
227,Rodney Hood,https://ak-static.cms.nba.com/wp-content/uploads/headshots/nba/latest/260x190/203918.png,"$2,239,544",Milwaukee Bucks,F,32.0,6-8 / 2.03,208 lbs. / 94.3 kg.
228,Al Horford,https://ak-static.cms.nba.com/wp-content/uploads/headshots/nba/latest/260x190/201143.png,"$27,000,000",Boston Celtics,C,32.0,6-9 / 2.06,246 lbs. / 111.6 kg.
229,Talen Horton-Tucker,https://ak-static.cms.nba.com/wp-content/uploads/headshots/nba/latest/260x190/1629659.png,"$9,500,000",Los Angeles Lakers,G,32.0,6-4 / 1.93,234 lbs. / 106.1 kg.
230,Danuel House,0,"$3,894,000",Houston Rockets,F,32.0,6-6 / 1.98,220 lbs. / 99.8 kg.
231,Dwight Howard,https://ak-static.cms.nba.com/wp-content/uploads/headshots/nba/latest/260x190/2730.png,"$2,641,691",Los Angeles Lakers,C,32.0,6-10 / 2.08,265 lbs. / 120.2 kg.
232,Markus Howard,0,"$462,629",Denver Nuggets,G,32.0,5-9 / 1.75,180 lbs. / 81.6 kg.
233,Kevin Huerter,https://ak-static.cms.nba.com/wp-content/uploads/headshots/nba/latest/260x190/1628989.png,"$4,253,357",Atlanta Hawks,G,32.0,6-7 / 2.01,190 lbs. / 86.2 kg.
234,Elijah Hughes,0,"$898,310 ($898,310*)",,F,32.0,6-6 / 1.98,215 lbs. / 97.5 kg.
235,De'Andre Hunter,https://ak-static.cms.nba.com/wp-content/uploads/headshots/nba/latest/260x190/1629631.png,"$7,775,400",Atlanta Hawks,F,32.0,6-7 / 2.01,225 lbs. / 102.1 kg.
236,Chandler Hutchison,https://ak-static.cms.nba.com/wp-content/uploads/headshots/nba/latest/260x190/1628990.png,"$4,482,088",Phoenix Suns,F,32.0,6-7 / 2.01,196 lbs. / 88.9 kg.
237,Serge Ibaka,https://ak-static.cms.nba.com/wp-content/uploads/headshots/nba/latest/260x190/201586.png,"$9,720,900",Los Angeles Clippers,C-F,32.0,7-0 / 2.13,240 lbs. / 108.9 kg.
238,Andre Iguodala,https://ak-static.cms.nba.com/wp-content/uploads/headshots/nba/latest/260x190/2738.png,"$2,641,691",Golden State Warriors,G-F,32.0,6-6 / 1.98,207 lbs. / 93.9 kg.
239,Ersan İlyasova,https://ak-static.cms.nba.com/wp-content/uploads/headshots/nba/latest/260x190/101141.png,"$69,733,301 ($75,446,542*)",,-,32.0,6-9 / 2.06,235 lbs. / 106.6 kg.
240,Joe Ingles,https://ak-static.cms.nba.com/wp-content/uploads/headshots/nba/latest/260x190/204060.png,"$12,436,364",Utah Jazz,F,32.0,6-7 / 2.01,209 lbs. / 94.8 kg.
241,Brandon Ingram,https://ak-static.cms.nba.com/wp-content/uploads/headshots/nba/latest/260x190/1627742.png,"$29,467,800",New Orleans Pelicans,F,32.0,6-7 / 2.01,196 lbs. / 88.9 kg.
242,Kyrie Irving,https://ak-static.cms.nba.com/wp-content/uploads/headshots/nba/latest/260x190/202681.png,"$35,053,700",Brooklyn Nets,G,32.0,6-2 / 1.88,180 lbs. / 81.6 kg.
243,Wesley Iwundu,0,"$1,824,003",Charlotte Hornets,F,32.0,6-6 / 1.98,205 lbs. / 93 kg.
244,Frank Jackson,https://ak-static.cms.nba.com/wp-content/uploads/headshots/nba/latest/260x190/1628402.png,"$3,000,000",Detroit Pistons,G,32.0,6-3 / 1.91,205 lbs. / 93 kg.
245,Jaren Jackson Jr.,0,,,,32.0,,
246,Josh Jackson,https://ak-static.cms.nba.com/wp-content/uploads/headshots/nba/latest/260x190/1628367.png,"$5,005,350",Detroit Pistons,F,32.0,6-8 / 2.03,203 lbs. / 92.1 kg.
247,Justin Jackson,https://ak-static.cms.nba.com/wp-content/uploads/headshots/nba/latest/260x190/1628382.png,"$13,563,997 ($13,773,915*)",,-,32.0,6-7 / 2.01,201 lbs. / 91.2 kg.
248,Reggie Jackson,https://ak-static.cms.nba.com/wp-content/uploads/headshots/nba/latest/260x190/202704.png,"$10,384,500",Los Angeles Clippers,G,32.0,6-3 / 1.91,208 lbs. / 94.3 kg.
249,Justin James,https://ak-static.cms.nba.com/wp-content/uploads/headshots/nba/latest/260x190/1629713.png,"$2,416,291 ($2,422,091*)",,-,32.0,6-7 / 2.01,190 lbs. / 86.2 kg.
250,LeBron James,https://ak-static.cms.nba.com/wp-content/uploads/headshots/nba/latest/260x190/2544.png,"$41,180,544",Los Angeles Lakers,F,32.0,6-9 / 2.06,250 lbs. / 113.4 kg.
251,Mike James,https://ak-static.cms.nba.com/wp-content/uploads/headshots/nba/latest/260x190/2229.png,"$402,450 ($411,088*)",,-,32.0,6-1 / 1.85,190 lbs. / 86.2 kg.
252,DaQuan Jeffries,https://ak-static.cms.nba.com/wp-content/uploads/headshots/nba/latest/260x190/1629610.png,"$1,445,697 ($1,445,697*)",,-,32.0,6-5 / 1.96,216 lbs. / 98 kg.
253,Ty Jerome,https://ak-static.cms.nba.com/wp-content/uploads/headshots/nba/latest/260x190/1629660.png,"$2,412,840",Oklahoma City Thunder,G,32.0,6-5 / 1.96,195 lbs. / 88.5 kg.
254,Isaiah Joe,0,"$1,517,981",Philadelphia 76ers,G,32.0,6-5 / 1.96,180 lbs. / 81.6 kg.
255,Alize Johnson,https://ak-static.cms.nba.com/wp-content/uploads/headshots/nba/latest/260x190/1628993.png,"$1,729,217",Chicago Bulls,G,32.0,6-7 / 2.01,201 lbs. / 91.2 kg.
256,Cameron Johnson,https://ak-static.cms.nba.com/wp-content/uploads/headshots/nba/latest/260x190/1629661.png,"$4,437,000",Phoenix Suns,F,32.0,6-8 / 2.03,210 lbs. / 95.3 kg.
257,James Johnson,https://ak-static.cms.nba.com/wp-content/uploads/headshots/nba/latest/260x190/201949.png,"$2,641,691",Brooklyn Nets,F,32.0,6-7 / 2.01,245 lbs. / 111.1 kg.
258,Keldon Johnson,https://ak-static.cms.nba.com/wp-content/uploads/headshots/nba/latest/260x190/1629640.png,"$2,145,720",San Antonio Spurs,F,32.0,6-5 / 1.96,211 lbs. / 95.7 kg.
259,Stanley Johnson,https://ak-static.cms.nba.com/wp-content/uploads/headshots/nba/latest/260x190/1626169.png,"$2,089,448",Chicago Bulls,F,32.0,6-6 / 1.98,242 lbs. / 109.8 kg.
260,Tyler Johnson,https://ak-static.cms.nba.com/wp-content/uploads/headshots/nba/latest/260x190/204020.png,"$34,031,924 ($35,264,417*)",,-,32.0,6-3 / 1.91,186 lbs. / 84.4 kg.
261,Nikola Jokić,https://ak-static.cms.nba.com/wp-content/uploads/headshots/nba/latest/260x190/203999.png,"$31,579,390",Denver Nuggets,C,32.0,7-0 / 2.13,253 lbs. / 114.8 kg.
262,Damian Jones,https://ak-static.cms.nba.com/wp-content/uploads/headshots/nba/latest/260x190/1627745.png,"$1,977,011",Sacramento Kings,C,32.0,6-11 / 2.11,240 lbs. / 108.9 kg.
263,Derrick Jones Jr.,0,"$9,720,900",Chicago Bulls,F,32.0,6-6 / 1.98,195 lbs. / 88.5 kg.
264,Mason Jones,0,"$424,544 ($424,544*)",,-,32.0,6-5 / 1.96,200 lbs. / 90.7 kg.
265,Tre Jones,0,"$1,517,981",San Antonio Spurs,G,32.0,6-3 / 1.91,185 lbs. / 83.9 kg.
266,Tyus Jones,https://ak-static.cms.nba.com/wp-content/uploads/headshots/nba/latest/260x190/1626145.png,"$8,376,286",Memphis Grizzlies,G,32.0,6-0 / 1.83,185 lbs. / 83.9 kg.
267,DeAndre Jordan,https://ak-static.cms.nba.com/wp-content/uploads/headshots/nba/latest/260x190/201599.png,"$10,523,289",Los Angeles Lakers,C,32.0,6-11 / 2.11,265 lbs. / 120.2 kg.
268,Cory Joseph,https://ak-static.cms.nba.com/wp-content/uploads/headshots/nba/latest/260x190/202709.png,"$7,310,000",Detroit Pistons,G,32.0,6-3 / 1.91,185 lbs. / 83.9 kg.
269,Mfiondu Kabengele,https://ak-static.cms.nba.com/wp-content/uploads/headshots/nba/latest/260x190/1629662.png,"$1,701,593",Cleveland Cavaliers,F,32.0,6-9 / 2.06,250 lbs. / 113.4 kg.
270,Frank Kaminsky,https://ak-static.cms.nba.com/wp-content/uploads/headshots/nba/latest/260x190/1626163.png,"$2,089,448",Phoenix Suns,C,32.0,7-0 / 2.13,231 lbs. / 104.8 kg.
271,Enes Kanter,https://ak-static.cms.nba.com/wp-content/uploads/headshots/nba/latest/260x190/202683.png,"$2,641,691",Boston Celtics,C,32.0,6-10 / 2.08,262 lbs. / 118.8 kg.
272,Luke Kennard,https://ak-static.cms.nba.com/wp-content/uploads/headshots/nba/latest/260x190/1628379.png,"$12,727,273",Los Angeles Clippers,F,32.0,6-5 / 1.96,196 lbs. / 88.9 kg.
273,Louis King,https://ak-static.cms.nba.com/wp-content/uploads/headshots/nba/latest/260x190/1629663.png,"$462,629",Sacramento Kings,F,32.0,6-7 / 2.01,205 lbs. / 93 kg.
274,Maxi Kleber,https://ak-static.cms.nba.com/wp-content/uploads/headshots/nba/latest/260x190/1628467.png,"$8,825,000",Dallas Mavericks,F-C,32.0,6-10 / 2.08,211 lbs. / 95.7 kg.
275,Nathan Knight,0,"$462,629",Minnesota Timberwolves,C,32.0,6-10 / 2.08,253 lbs. / 114.8 kg.
276,Kevin Knox,0,"$5,845,978",New York Knicks,F,32.0,6-7 / 2.01,215 lbs. / 97.5 kg.
277,John Konchar,https://ak-static.cms.nba.com/wp-content/uploads/headshots/nba/latest/260x190/1629723.png,"$2,200,000",Memphis Grizzlies,G,32.0,6-5 / 1.96,210 lbs. / 95.3 kg.
278,Furkan Korkmaz,https://ak-static.cms.nba.com/wp-content/uploads/headshots/nba/latest/260x190/1627788.png,"$4,629,630",Philadelphia 76ers,F,32.0,6-7 / 2.01,185 lbs. / 83.9 kg.
279,Luke Kornet,https://ak-static.cms.nba.com/wp-content/uploads/headshots/nba/latest/260x190/1628436.png,"$6,196,510 ($6,252,408*)",,-,32.0,7-2 / 2.18,240 lbs. / 108.9 kg.
280,Rodions Kurucs,https://ak-static.cms.nba.com/wp-content/uploads/headshots/nba/latest/260x190/1629066.png,"$5,169,388 ($5,219,312*)",,-,32.0,6-9 / 2.06,215 lbs. / 97.5 kg.
281,Kyle Kuzma,https://ak-static.cms.nba.com/wp-content/uploads/headshots/nba/latest/260x190/1628398.png,"$13,000,000",Washington Wizards,F,32.0,6-8 / 2.03,221 lbs. / 100.2 kg.
282,Anthony Lamb,0,"$462,629",Houston Rockets,F,32.0,6-6 / 1.98,227 lbs. / 103 kg.
283,Jeremy Lamb,https://ak-static.cms.nba.com/wp-content/uploads/headshots/nba/latest/260x190/203087.png,"$10,500,000",Indiana Pacers,G,32.0,6-5 / 1.96,180 lbs. / 81.6 kg.
284,Romeo Langford,https://ak-static.cms.nba.com/wp-content/uploads/headshots/nba/latest/260x190/1629641.png,"$3,804,360",Boston Celtics,G,32.0,6-4 / 1.93,216 lbs. / 98 kg.
285,Zach LaVine,https://ak-static.cms.nba.com/wp-content/uploads/headshots/nba/latest/260x190/203897.png,"$19,500,000",Chicago Bulls,G,32.0,6-6 / 1.98,181 lbs. / 82.1 kg.
286,Jake Layman,https://ak-static.cms.nba.com/wp-content/uploads/headshots/nba/latest/260x190/1627774.png,"$3,940,184",Minnesota Timberwolves,F,32.0,6-8 / 2.03,209 lbs. / 94.8 kg.
287,T.J. Leaf,https://ak-static.cms.nba.com/wp-content/uploads/headshots/nba/latest/260x190/1628388.png,"$11,680,623 ($11,860,617*)",,-,32.0,6-10 / 2.08,222 lbs. / 100.7 kg.
288,Jalen Lecque,https://ak-static.cms.nba.com/wp-content/uploads/headshots/nba/latest/260x190/1629665.png,"$2,416,291 ($2,422,091*)",,-,32.0,6-3 / 1.91,190 lbs. / 86.2 kg.
289,Damion Lee,https://ak-static.cms.nba.com/wp-content/uploads/headshots/nba/latest/260x190/1627814.png,"$1,910,860",Golden State Warriors,G,32.0,6-5 / 1.96,210 lbs. / 95.3 kg.
290,Saben Lee,0,"$1,489,065",Detroit Pistons,G,32.0,6-2 / 1.88,183 lbs. / 83 kg.
291,Alex Len,https://ak-static.cms.nba.com/wp-content/uploads/headshots/nba/latest/260x190/203458.png,"$3,732,000",Sacramento Kings,C,32.0,7-0 / 2.13,225 lbs. / 102.1 kg.
292,Kawhi Leonard,https://ak-static.cms.nba.com/wp-content/uploads/headshots/nba/latest/260x190/202695.png,"$39,344,900",Los Angeles Clippers,F,32.0,6-7 / 2.01,225 lbs. / 102.1 kg.
293,Meyers Leonard,https://ak-static.cms.nba.com/wp-content/uploads/headshots/nba/latest/260x190/203086.png,"$60,142,479 ($62,549,988*)",,-,32.0,7-0 / 2.13,245 lbs. / 111.1 kg.
294,Caris LeVert,https://ak-static.cms.nba.com/wp-content/uploads/headshots/nba/latest/260x190/1627747.png,"$17,500,000",Indiana Pacers,G,32.0,6-6 / 1.98,191 lbs. / 86.6 kg.
295,Kira Lewis Jr.,0,"$3,822,240",New Orleans Pelicans,G,32.0,6-3 / 1.91,165 lbs. / 74.8 kg.
296,Damian Lillard,https://ak-static.cms.nba.com/wp-content/uploads/headshots/nba/latest/260x190/203081.png,"$39,344,900",Portland Trail Blazers,G,32.0,6-2 / 1.88,195 lbs. / 88.5 kg.
297,Nassir Little,https://ak-static.cms.nba.com/wp-content/uploads/headshots/nba/latest/260x190/1629642.png,"$2,316,240",Portland Trail Blazers,F,32.0,6-5 / 1.96,220 lbs. / 99.8 kg.
298,Kevon Looney,https://ak-static.cms.nba.com/wp-content/uploads/headshots/nba/latest/260x190/1626172.png,"$5,178,572",Golden State Warriors,F,32.0,6-9 / 2.06,222 lbs. / 100.7 kg.
299,Brook Lopez,https://ak-static.cms.nba.com/wp-content/uploads/headshots/nba/latest/260x190/201572.png,"$13,302,325",Milwaukee Bucks,C,32.0,7-0 / 2.13,265 lbs. / 120.2 kg.
300,Robin Lopez,https://ak-static.cms.nba.com/wp-content/uploads/headshots/nba/latest/260x190/201577.png,"$5,000,000",Orlando Magic,C,32.0,7-0 / 2.13,255 lbs. / 115.7 kg.
301,Didi Louzada,0,"$1,786,878",New Orleans Pelicans,F,32.0,6-5 / 1.96,187 lbs. / 84.8 kg.
302,Kevin Love,https://ak-static.cms.nba.com/wp-content/uploads/headshots/nba/latest/260x190/201567.png,"$31,258,256",Cleveland Cavaliers,F,32.0,6-8 / 2.03,260 lbs. / 117.9 kg.
303,Kyle Lowry,https://ak-static.cms.nba.com/wp-content/uploads/headshots/nba/latest/260x190/200768.png,"$26,984,128",Miami Heat,G,32.0,6-0 / 1.83,205 lbs. / 93 kg.
304,Timothé Luwawu-Cabarrot,https://ak-static.cms.nba.com/wp-content/uploads/headshots/nba/latest/260x190/1627789.png,,,,32.0,,
305,Trey Lyles,https://ak-static.cms.nba.com/wp-content/uploads/headshots/nba/latest/260x190/1626168.png,"$2,500,000",Detroit Pistons,F,32.0,6-9 / 2.06,241 lbs. / 109.3 kg.
306,Will Magnay,0,"$341,481 ($341,481*)",,-,32.0,6-10 / 2.08,234 lbs. / 106.1 kg.
307,Thon Maker,https://ak-static.cms.nba.com/wp-content/uploads/headshots/nba/latest/260x190/1627748.png,"$13,761,892 ($14,190,116*)",,-,32.0,7-0 / 2.13,216 lbs. / 98 kg.
308,Théo Maledon,0,"$2,000,000",Oklahoma City Thunder,G,32.0,6-5 / 1.96,198 lbs. / 89.8 kg.
309,Karim Mané,0,"$344,557 ($344,557*)",,-,32.0,6-5 / 1.96,185 lbs. / 83.9 kg.
310,Terance Mann,https://ak-static.cms.nba.com/wp-content/uploads/headshots/nba/latest/260x190/1629611.png,"$1,782,621",Los Angeles Clippers,G,32.0,6-5 / 1.96,215 lbs. / 97.5 kg.
311,Nico Mannion,0,"$449,115 ($449,115*)",,-,32.0,6-3 / 1.91,190 lbs. / 86.2 kg.
312,Boban Marjanović,https://ak-static.cms.nba.com/wp-content/uploads/headshots/nba/latest/260x190/1626246.png,"$3,500,000",Dallas Mavericks,C,32.0,7-4 / 2.24,290 lbs. / 131.5 kg.
313,Lauri Markkanen,https://ak-static.cms.nba.com/wp-content/uploads/headshots/nba/latest/260x190/1628374.png,"$15,690,909",Cleveland Cavaliers,F-C,32.0,7-0 / 2.13,240 lbs. / 108.9 kg.
314,Naji Marshall,0,"$1,517,981",New Orleans Pelicans,F,32.0,6-7 / 2.01,220 lbs. / 99.8 kg.
315,Caleb Martin,https://ak-static.cms.nba.com/wp-content/uploads/headshots/nba/latest/260x190/1628997.png,"$2,416,291 ($2,422,091*)",,-,32.0,6-5 / 1.96,205 lbs. / 93 kg.
316,Cody Martin,https://ak-static.cms.nba.com/wp-content/uploads/headshots/nba/latest/260x190/1628998.png,"$1,782,621",Charlotte Hornets,F,32.0,6-5 / 1.96,205 lbs. / 93 kg.
317,Jeremiah Martin,https://ak-static.cms.nba.com/wp-content/uploads/headshots/nba/latest/260x190/1629725.png,"$138,020 ($138,533*)",,-,32.0,6-3 / 1.91,185 lbs. / 83.9 kg.
318,Kelan Martin,https://ak-static.cms.nba.com/wp-content/uploads/headshots/nba/latest/260x190/1629103.png,"$1,701,593",Indiana Pacers,F,32.0,6-5 / 1.96,230 lbs. / 104.3 kg.
319,Kenyon Martin Jr.,0,"$113,431,519 ($143,196,816*)",,-,32.0,6-9 / 2.06,233 lbs. / 106.1 kg.
320,Frank Mason III,0,"$2,642,195 ($2,736,566*)",,-,32.0,5-11 / 1.80,190 lbs. / 86.2 kg.
321,Garrison Mathews,https://ak-static.cms.nba.com/wp-content/uploads/headshots/nba/latest/260x190/1629726.png,"$767,620 ($768,133*)",,-,32.0,6-5 / 1.96,204 lbs. / 92.5 kg.
322,Dakota Mathias,0,"$86,132 ($86,132*)",,-,32.0,6-4 / 1.93,200 lbs. / 90.7 kg.
323,Wesley Matthews,https://ak-static.cms.nba.com/wp-content/uploads/headshots/nba/latest/260x190/202083.png,"$109,969,682 ($118,005,129*)",,-,32.0,6-4 / 1.93,220 lbs. / 99.8 kg.
324,Tyrese Maxey,0,"$2,602,920",Philadelphia 76ers,G,32.0,6-3 / 1.91,200 lbs. / 90.7 kg.
325,Skylar Mays,0,"$462,629",Atlanta Hawks,G,32.0,6-4 / 1.93,205 lbs. / 93 kg.
326,Patrick McCaw,https://ak-static.cms.nba.com/wp-content/uploads/headshots/nba/latest/260x190/1627775.png,"$10,820,186 ($10,974,884*)",,-,32.0,6-7 / 2.01,181 lbs. / 82.1 kg.
327,CJ McCollum,https://ak-static.cms.nba.com/wp-content/uploads/headshots/nba/latest/260x190/203468.png,"$30,864,198",Portland Trail Blazers,G,32.0,6-3 / 1.91,197 lbs. / 89.4 kg.
328,T.J. McConnell,0,"$7,500,000",Indiana Pacers,G,32.0,6-1 / 1.85,200 lbs. / 90.7 kg.
329,Jaden McDaniels,0,"$2,063,280",Minnesota Timberwolves,F,32.0,6-10 / 2.08,220 lbs. / 99.8 kg.
330,Jalen McDaniels,https://ak-static.cms.nba.com/wp-content/uploads/headshots/nba/latest/260x190/1629667.png,"$1,782,621",Charlotte Hornets,F,32.0,6-10 / 2.08,200 lbs. / 90.7 kg.
331,Doug McDermott,https://ak-static.cms.nba.com/wp-content/uploads/headshots/nba/latest/260x190/203926.png,"$13,750,000",San Antonio Spurs,G,32.0,6-7 / 2.01,218 lbs. / 98.9 kg.
332,Sean McDermott,0,"$449,115 ($449,115*)",,-,32.0,6-6 / 1.98,195 lbs. / 88.5 kg.
333,JaVale McGee,https://ak-static.cms.nba.com/wp-content/uploads/headshots/nba/latest/260x190/201580.png,"$5,000,000",Phoenix Suns,C,32.0,7-0 / 2.13,270 lbs. / 122.5 kg.
334,Rodney McGruder,https://ak-static.cms.nba.com/wp-content/uploads/headshots/nba/latest/260x190/203585.png,"$1,939,350",Detroit Pistons,G,32.0,6-4 / 1.93,205 lbs. / 93 kg.
335,Alfonzo McKinnie,https://ak-static.cms.nba.com/wp-content/uploads/headshots/nba/latest/260x190/1628035.png,"$6,319,779 ($6,409,084*)",,-,32.0,6-8 / 2.03,215 lbs. / 97.5 kg.
336,Jordan McLaughlin,https://ak-static.cms.nba.com/wp-content/uploads/headshots/nba/latest/260x190/1629162.png,"$583,328 ($583,841*)",,-,32.0,5-11 / 1.80,185 lbs. / 83.9 kg.
337,Ben McLemore,https://ak-static.cms.nba.com/wp-content/uploads/headshots/nba/latest/260x190/203463.png,"$2,389,641",Portland Trail Blazers,G,32.0,6-3 / 1.91,189 lbs. / 85.7 kg.
338,Nicolò Melli,https://ak-static.cms.nba.com/wp-content/uploads/headshots/nba/latest/260x190/1629740.png,"$8,000,000 ($8,026,491*)",,-,32.0,6-9 / 2.06,236 lbs. / 107 kg.
339,De'Anthony Melton,https://ak-static.cms.nba.com/wp-content/uploads/headshots/nba/latest/260x190/1629001.png,"$8,805,976",Memphis Grizzlies,G,32.0,6-2 / 1.88,190 lbs. / 86.2 kg.
340,Sam Merrill,0,"$1,517,981",Memphis Grizzlies,G,32.0,6-5 / 1.96,205 lbs. / 93 kg.
341,Chimezie Metu,https://ak-static.cms.nba.com/wp-content/uploads/headshots/nba/latest/260x190/1629002.png,"$1,762,796",Sacramento Kings,F,32.0,6-9 / 2.06,225 lbs. / 102.1 kg.
342,Khris Middleton,https://ak-static.cms.nba.com/wp-content/uploads/headshots/nba/latest/260x190/203114.png,"$35,500,000",Milwaukee Bucks,F,32.0,6-7 / 2.01,217 lbs. / 98.4 kg.
343,Darius Miller,https://ak-static.cms.nba.com/wp-content/uploads/headshots/nba/latest/260x190/203121.png,"$20,732,719 ($21,155,669*)",,-,32.0,6-6 / 1.98,225 lbs. / 102.1 kg.
344,Patty Mills,https://ak-static.cms.nba.com/wp-content/uploads/headshots/nba/latest/260x190/201988.png,,,,32.0,,
345,Paul Millsap,https://ak-static.cms.nba.com/wp-content/uploads/headshots/nba/latest/260x190/200794.png, ,Brooklyn Nets,F-C,32.0,6-7 / 2.01,250 lbs. / 113.4 kg.
346,Shake Milton,https://ak-static.cms.nba.com/wp-content/uploads/headshots/nba/latest/260x190/1629003.png,"$1,846,738",Philadelphia 76ers,C,32.0,6-5 / 1.96,205 lbs. / 93 kg.
347,Donovan Mitchell,https://ak-static.cms.nba.com/wp-content/uploads/headshots/nba/latest/260x190/1628378.png,"$28,103,500",Utah Jazz,G,32.0,6-1 / 1.85,211 lbs. / 95.7 kg.
348,Adam Mokoka,https://ak-static.cms.nba.com/wp-content/uploads/headshots/nba/latest/260x190/1629690.png,"$528,683 ($529,196*)",,-,32.0,6-5 / 1.96,190 lbs. / 86.2 kg.
349,Malik Monk,https://ak-static.cms.nba.com/wp-content/uploads/headshots/nba/latest/260x190/1628370.png,"$1,789,256",Los Angeles Lakers,G,32.0,6-3 / 1.91,197 lbs. / 89.4 kg.
350,E'Twaun Moore,https://ak-static.cms.nba.com/wp-content/uploads/headshots/nba/latest/260x190/202734.png,"$41,135,269 ($42,861,980*)",,-,32.0,6-3 / 1.91,191 lbs. / 86.6 kg.
351,Ja Morant,https://ak-static.cms.nba.com/wp-content/uploads/headshots/nba/latest/260x190/1629630.png,"$9,603,360",Memphis Grizzlies,G,32.0,6-3 / 1.91,174 lbs. / 78.9 kg.
352,Juwan Morgan,https://ak-static.cms.nba.com/wp-content/uploads/headshots/nba/latest/260x190/1629752.png,"$2,264,035 ($2,268,852*)",,-,32.0,6-8 / 2.03,232 lbs. / 105.2 kg.
353,Marcus Morris,0,"$15,627,907",Los Angeles Clippers,F,32.0,6-8 / 2.03,235 lbs. / 106.6 kg.
354,Markieff Morris,https://ak-static.cms.nba.com/wp-content/uploads/headshots/nba/latest/260x190/202693.png,"$2,641,691",Miami Heat,F,32.0,6-8 / 2.03,245 lbs. / 111.1 kg.
355,Monte Morris,https://ak-static.cms.nba.com/wp-content/uploads/headshots/nba/latest/260x190/1628420.png,"$8,449,074",Denver Nuggets,G,32.0,6-2 / 1.88,175 lbs. / 79.4 kg.
356,Mychal Mulder,0,"$1,782,621",Golden State Warriors,G,32.0,6-4 / 1.93,185 lbs. / 83.9 kg.
357,Dejounte Murray,https://ak-static.cms.nba.com/wp-content/uploads/headshots/nba/latest/260x190/1627749.png,"$15,428,880",San Antonio Spurs,G,32.0,6-4 / 1.93,170 lbs. / 77.1 kg.
358,Jamal Murray,https://ak-static.cms.nba.com/wp-content/uploads/headshots/nba/latest/260x190/1627750.png,"$29,467,800",Denver Nuggets,G,32.0,6-4 / 1.93,201 lbs. / 91.2 kg.
359,Mike Muscala,https://ak-static.cms.nba.com/wp-content/uploads/headshots/nba/latest/260x190/203488.png,"$3,500,000",Oklahoma City Thunder,F-C,32.0,6-10 / 2.08,230 lbs. / 104.3 kg.
360,Sviatoslav Mykhailiuk,0,"$1,729,217",Toronto Raptors,G,32.0,6-7 / 2.01,205 lbs. / 93 kg.
361,Abdel Nader,https://ak-static.cms.nba.com/wp-content/uploads/headshots/nba/latest/260x190/1627846.png,"$2,000,000",Phoenix Suns,F,32.0,6-5 / 1.96,225 lbs. / 102.1 kg.
362,Larry Nance Jr.,0,"$8,238,000 ($15,257,087*)",,-,32.0,-,-
363,Aaron Nesmith,0,"$3,631,200",Boston Celtics,G-F,32.0,6-6 / 1.98,213 lbs. / 96.6 kg.
364,Raul Neto,https://ak-static.cms.nba.com/wp-content/uploads/headshots/nba/latest/260x190/203526.png,"$2,089,448",Washington Wizards,G,32.0,6-1 / 1.85,170 lbs. / 77.1 kg.
365,Georges Niang,https://ak-static.cms.nba.com/wp-content/uploads/headshots/nba/latest/260x190/1627777.png,"$3,300,000",Philadelphia 76ers,F,32.0,6-7 / 2.01,230 lbs. / 104.3 kg.
366,Zeke Nnaji,0,"$2,498,760",Denver Nuggets,F,32.0,6-11 / 2.11,240 lbs. / 108.9 kg.
367,Nerlens Noel,https://ak-static.cms.nba.com/wp-content/uploads/headshots/nba/latest/260x190/203457.png,"$8,800,000",New York Knicks,F-C,32.0,6-10 / 2.08,206 lbs. / 93.4 kg.
368,Jaylen Nowell,https://ak-static.cms.nba.com/wp-content/uploads/headshots/nba/latest/260x190/1629669.png,"$1,782,621",Minnesota Timberwolves,G,32.0,6-4 / 1.93,201 lbs. / 91.2 kg.
369,Frank Ntilikina,https://ak-static.cms.nba.com/wp-content/uploads/headshots/nba/latest/260x190/1628373.png,"$18,689,218 ($18,999,905*)",,-,32.0,6-4 / 1.93,190 lbs. / 86.2 kg.
370,Kendrick Nunn,https://ak-static.cms.nba.com/wp-content/uploads/headshots/nba/latest/260x190/1629134.png,"$5,000,000",Los Angeles Lakers,G,32.0,6-2 / 1.88,184 lbs. / 83.5 kg.
371,James Nunnally,https://ak-static.cms.nba.com/wp-content/uploads/headshots/nba/latest/260x190/203263.png,"$828,597 ($849,882*)",,-,32.0,6-7 / 2.01,204 lbs. / 92.5 kg.
372,Jusuf Nurkić,https://ak-static.cms.nba.com/wp-content/uploads/headshots/nba/latest/260x190/203994.png,"$12,000,000",Portland Trail Blazers,C,32.0,7-0 / 2.13,290 lbs. / 131.5 kg.
373,David Nwaba,https://ak-static.cms.nba.com/wp-content/uploads/headshots/nba/latest/260x190/1628021.png,"$4,650,000",Houston Rockets,G,32.0,6-5 / 1.96,210 lbs. / 95.3 kg.
374,Jordan Nwora,0,"$1,517,981",Milwaukee Bucks,F,32.0,6-7 / 2.01,225 lbs. / 102.1 kg.
375,Royce O'Neale,https://ak-static.cms.nba.com/wp-content/uploads/headshots/nba/latest/260x190/1626220.png,"$8,800,000",Utah Jazz,F,32.0,6-4 / 1.93,226 lbs. / 102.5 kg.
376,Semi Ojeleye,https://ak-static.cms.nba.com/wp-content/uploads/headshots/nba/latest/260x190/1628400.png,"$1,789,256",Milwaukee Bucks,F,32.0,6-6 / 1.98,235 lbs. / 106.6 kg.
377,Jahlil Okafor,https://ak-static.cms.nba.com/wp-content/uploads/headshots/nba/latest/260x190/1626143.png,"$2,130,023",,-,32.0,6-10 / 2.08,270 lbs. / 122.5 kg.
378,Chuma Okeke,0,"$3,277,080",Orlando Magic,F,32.0,6-8 / 2.03,230 lbs. / 104.3 kg.
379,Josh Okogie,https://ak-static.cms.nba.com/wp-content/uploads/headshots/nba/latest/260x190/1629006.png,"$4,087,904",Minnesota Timberwolves,G,32.0,6-4 / 1.93,213 lbs. / 96.6 kg.
380,Onyeka Okongwu,0,"$6,104,280",Atlanta Hawks,F,32.0,6-9 / 2.06,245 lbs. / 111.1 kg.
381,Isaac Okoro,0,"$6,720,720",Cleveland Cavaliers,F,32.0,6-6 / 1.98,225 lbs. / 102.1 kg.
382,KZ Okpala,https://ak-static.cms.nba.com/wp-content/uploads/headshots/nba/latest/260x190/1629644.png,"$1,782,621",Miami Heat,F,32.0,6-8 / 2.03,215 lbs. / 97.5 kg.
383,Victor Oladipo,https://ak-static.cms.nba.com/wp-content/uploads/headshots/nba/latest/260x190/203506.png,"$2,389,641",Miami Heat,G,32.0,6-4 / 1.93,213 lbs. / 96.6 kg.
384,Cameron Oliver,0,"$343,070 ($358,797*)",,-,32.0,6-8 / 2.03,225 lbs. / 102.1 kg.
385,Kelly Olynyk,https://ak-static.cms.nba.com/wp-content/uploads/headshots/nba/latest/260x190/203482.png,"$12,195,122",Detroit Pistons,C,32.0,6-11 / 2.11,234 lbs. / 106.1 kg.
386,Miye Oni,https://ak-static.cms.nba.com/wp-content/uploads/headshots/nba/latest/260x190/1629671.png,"$1,782,621",Utah Jazz,F,32.0,6-5 / 1.96,210 lbs. / 95.3 kg.
387,Cedi Osman,https://ak-static.cms.nba.com/wp-content/uploads/headshots/nba/latest/260x190/1626224.png,"$8,133,334",Cleveland Cavaliers,F-G,32.0,6-7 / 2.01,215 lbs. / 97.5 kg.
388,Daniel Oturu,0,"$1,517,981",Memphis Grizzlies,C,32.0,6-10 / 2.08,240 lbs. / 108.9 kg.
389,Kelly Oubre Jr.,0,"$12,000,000",Charlotte Hornets,F,32.0,6-7 / 2.01,203 lbs. / 92.1 kg.
390,Jabari Parker,https://ak-static.cms.nba.com/wp-content/uploads/headshots/nba/latest/260x190/203953.png,"$2,283,034",Boston Celtics,F,32.0,6-8 / 2.03,235 lbs. / 106.6 kg.
391,Eric Paschall,https://ak-static.cms.nba.com/wp-content/uploads/headshots/nba/latest/260x190/1629672.png,"$1,782,621",Utah Jazz,F,32.0,6-6 / 1.98,255 lbs. / 115.7 kg.
392,Anžejs Pasečņiks,https://ak-static.cms.nba.com/wp-content/uploads/headshots/nba/latest/260x190/1628394.png,"$856,441 ($859,554*)",,-,32.0,7-2 / 2.18,220 lbs. / 99.8 kg.
393,Patrick Patterson,https://ak-static.cms.nba.com/wp-content/uploads/headshots/nba/latest/260x190/202335.png,"$737,067",,-,32.0,6-8 / 2.03,235 lbs. / 106.6 kg.
394,Justin Patton,https://ak-static.cms.nba.com/wp-content/uploads/headshots/nba/latest/260x190/1628383.png,"$5,665,818 ($5,848,247*)",,-,32.0,6-11 / 2.11,229 lbs. / 103.9 kg.
395,Chris Paul,https://ak-static.cms.nba.com/wp-content/uploads/headshots/nba/latest/260x190/101108.png,"$30,800,000",Phoenix Suns,G,32.0,6-1 / 1.85,175 lbs. / 79.4 kg.
396,Cameron Payne,https://ak-static.cms.nba.com/wp-content/uploads/headshots/nba/latest/260x190/1626166.png,"$6,500,000",Phoenix Suns,G,32.0,6-2 / 1.88,180 lbs. / 81.6 kg.
397,Elfrid Payton,https://ak-static.cms.nba.com/wp-content/uploads/headshots/nba/latest/260x190/203901.png,"$2,239,544",Phoenix Suns,G,32.0,6-3 / 1.91,185 lbs. / 83.9 kg.
398,Gary Payton II,https://ak-static.cms.nba.com/wp-content/uploads/headshots/nba/latest/260x190/1627780.png,"$104,367,619 ($161,302,927*)",,-,32.0,6-4 / 1.93,179 lbs. / 81.6 kg.
399,Norvel Pelle,https://ak-static.cms.nba.com/wp-content/uploads/headshots/nba/latest/260x190/203658.png,"$1,365,094 ($1,367,355*)",,-,32.0,6-10 / 2.08,231 lbs. / 104.8 kg.
400,Reggie Perry,0,"$489,148 ($489,148*)",,-,32.0,6-9 / 2.06,250 lbs. / 113.4 kg.
401,Theo Pinson,https://ak-static.cms.nba.com/wp-content/uploads/headshots/nba/latest/260x190/1629033.png,"$2,325,129 ($2,336,244*)",,-,32.0,6-5 / 1.96,220 lbs. / 99.8 kg.
402,Mason Plumlee,https://ak-static.cms.nba.com/wp-content/uploads/headshots/nba/latest/260x190/203486.png,"$9,248,333",Charlotte Hornets,C-F,32.0,6-11 / 2.11,238 lbs. / 108 kg.
403,Jakob Poeltl,https://ak-static.cms.nba.com/wp-content/uploads/headshots/nba/latest/260x190/1627751.png,"$8,750,000",San Antonio Spurs,C-F,32.0,7-1 / 2.16,239 lbs. / 108.4 kg.
404,Vincent Poirier,https://ak-static.cms.nba.com/wp-content/uploads/headshots/nba/latest/260x190/1629738.png,"$5,125,000 ($5,141,180*)",,-,32.0,7-0 / 2.13,235 lbs. / 106.6 kg.
405,Aleksej Pokusevski,0,"$3,113,160",Oklahoma City Thunder,F,32.0,7-0 / 2.13,190 lbs. / 86.2 kg.
406,Jordan Poole,https://ak-static.cms.nba.com/wp-content/uploads/headshots/nba/latest/260x190/1629673.png,"$2,161,440",Golden State Warriors,G,32.0,6-4 / 1.93,194 lbs. / 88 kg.
407,Jontay Porter,0,"$300,000",,-,32.0,6-11 / 2.11,240 lbs. / 108.9 kg.
408,Kevin Porter Jr.,0,"$1,782,621",Houston Rockets,G-F,32.0,6-4 / 1.93,218 lbs. / 98.9 kg.
409,Michael Porter Jr.,0,"$5,258,735",Denver Nuggets,F,32.0,6-10 / 2.08,215 lbs. / 97.5 kg.
410,Otto Porter,0,"$2,389,641",Golden State Warriors,F,32.0,6-8 / 2.03,198 lbs. / 89.8 kg.
411,Bobby Portis,https://ak-static.cms.nba.com/wp-content/uploads/headshots/nba/latest/260x190/1626171.png,"$4,347,600",Milwaukee Bucks,F-C,32.0,6-10 / 2.08,246 lbs. / 111.6 kg.
412,Kristaps Porziņģis,https://ak-static.cms.nba.com/wp-content/uploads/headshots/nba/latest/260x190/204001.png,"$31,650,600",Dallas Mavericks,F-C,32.0,7-3 / 2.21,220 lbs. / 99.8 kg.
413,Dwight Powell,https://ak-static.cms.nba.com/wp-content/uploads/headshots/nba/latest/260x190/203939.png,"$11,080,125",Dallas Mavericks,F-C,32.0,6-10 / 2.08,234 lbs. / 106.1 kg.
414,Norman Powell,https://ak-static.cms.nba.com/wp-content/uploads/headshots/nba/latest/260x190/1626181.png,"$15,517,242",Portland Trail Blazers,G,32.0,6-3 / 1.91,215 lbs. / 97.5 kg.
415,Taurean Prince,https://ak-static.cms.nba.com/wp-content/uploads/headshots/nba/latest/260x190/1627752.png,"$13,000,000",Minnesota Timberwolves,F,32.0,6-7 / 2.01,220 lbs. / 99.8 kg.
416,Payton Pritchard,0,"$2,137,440",Boston Celtics,G,32.0,6-1 / 1.85,206 lbs. / 93.4 kg.
417,Immanuel Quickley,0,"$2,210,640",New York Knicks,G,32.0,6-3 / 1.91,188 lbs. / 85.3 kg.
418,Jahmi'us Ramsey,0,"$1,517,981",Sacramento Kings,G,32.0,6-4 / 1.93,195 lbs. / 88.5 kg.
419,Chasson Randle,https://ak-static.cms.nba.com/wp-content/uploads/headshots/nba/latest/260x190/1626184.png,"$3,201,089 ($3,330,658*)",,-,32.0,6-2 / 1.88,185 lbs. / 83.9 kg.
420,Julius Randle,https://ak-static.cms.nba.com/wp-content/uploads/headshots/nba/latest/260x190/203944.png,"$21,780,000",New York Knicks,F,32.0,6-8 / 2.03,250 lbs. / 113.4 kg.
421,Cam Reddish,https://ak-static.cms.nba.com/wp-content/uploads/headshots/nba/latest/260x190/1629629.png,"$4,670,160",Atlanta Hawks,F-G,32.0,6-8 / 2.03,218 lbs. / 98.9 kg.
422,J.J. Redick,https://ak-static.cms.nba.com/wp-content/uploads/headshots/nba/latest/260x190/200755.png,"$118,345,008 ($127,171,373*)",,-,32.0,6-3 / 1.91,190 lbs. / 86.2 kg.
423,Paul Reed,0,"$1,517,981",Philadelphia 76ers,F,32.0,6-9 / 2.06,220 lbs. / 99.8 kg.
424,Naz Reid,https://ak-static.cms.nba.com/wp-content/uploads/headshots/nba/latest/260x190/1629675.png,"$1,782,621",Minnesota Timberwolves,C,32.0,6-9 / 2.06,249 lbs. / 112.9 kg.
425,Cameron Reynolds,https://ak-static.cms.nba.com/wp-content/uploads/headshots/nba/latest/260x190/1629244.png,,,,32.0,,
426,Nick Richards,0,"$1,517,981",Charlotte Hornets,C,32.0,6-11 / 2.11,240 lbs. / 108.9 kg.
427,Josh Richardson,https://ak-static.cms.nba.com/wp-content/uploads/headshots/nba/latest/260x190/1626196.png,"$11,615,328",Boston Celtics,G,32.0,6-5 / 1.96,200 lbs. / 90.7 kg.
428,Grant Riller,0,"$462,629",Philadelphia 76ers,G,32.0,6-3 / 1.91,190 lbs. / 86.2 kg.
429,Austin Rivers,https://ak-static.cms.nba.com/wp-content/uploads/headshots/nba/latest/260x190/203085.png,"$2,401,537",Denver Nuggets,G,32.0,6-3 / 1.91,200 lbs. / 90.7 kg.
430,Andre Roberson,https://ak-static.cms.nba.com/wp-content/uploads/headshots/nba/latest/260x190/203460.png,"$36,077,231 ($37,322,006*)",,-,32.0,6-7 / 2.01,206 lbs. / 93.4 kg.
431,Duncan Robinson,https://ak-static.cms.nba.com/wp-content/uploads/headshots/nba/latest/260x190/1629130.png,"$15,650,000",Miami Heat,F,32.0,6-7 / 2.01,215 lbs. / 97.5 kg.
432,Glenn Robinson III,https://ak-static.cms.nba.com/wp-content/uploads/headshots/nba/latest/260x190/203922.png,"$80,221,250 ($120,009,746*)",,-,32.0,6-7 / 2.01,240 lbs. / 108.9 kg.
433,Jerome Robinson,https://ak-static.cms.nba.com/wp-content/uploads/headshots/nba/latest/260x190/1629010.png,"$10,355,400 ($10,448,738*)",,-,32.0,6-4 / 1.93,190 lbs. / 86.2 kg.
434,Justin Robinson,https://ak-static.cms.nba.com/wp-content/uploads/headshots/nba/latest/260x190/1629620.png,"$198,040 ($198,040*)",,-,32.0,6-1 / 1.85,195 lbs. / 88.5 kg.
435,Mitchell Robinson,https://ak-static.cms.nba.com/wp-content/uploads/headshots/nba/latest/260x190/1629011.png,"$1,802,057",New York Knicks,C,32.0,7-0 / 2.13,223 lbs. / 101.2 kg.
436,Isaiah Roby,https://ak-static.cms.nba.com/wp-content/uploads/headshots/nba/latest/260x190/1629676.png,"$1,782,621",Oklahoma City Thunder,F,32.0,6-8 / 2.03,229 lbs. / 103.9 kg.
437,Rajon Rondo,https://ak-static.cms.nba.com/wp-content/uploads/headshots/nba/latest/260x190/200765.png,"$7,500,000",Los Angeles Lakers,G,32.0,6-1 / 1.85,186 lbs. / 84.4 kg.
438,Derrick Rose,https://ak-static.cms.nba.com/wp-content/uploads/headshots/nba/latest/260x190/201565.png,"$13,445,120",New York Knicks,G,32.0,6-2 / 1.88,190 lbs. / 86.2 kg.
439,Terrence Ross,https://ak-static.cms.nba.com/wp-content/uploads/headshots/nba/latest/260x190/203082.png,"$12,500,000",Orlando Magic,G,32.0,6-6 / 1.98,206 lbs. / 93.4 kg.
440,Terry Rozier,https://ak-static.cms.nba.com/wp-content/uploads/headshots/nba/latest/260x190/1626179.png,"$17,905,263",Charlotte Hornets,G,32.0,6-1 / 1.85,190 lbs. / 86.2 kg.
441,Ricky Rubio,https://ak-static.cms.nba.com/wp-content/uploads/headshots/nba/latest/260x190/201937.png,"$17,800,000",Cleveland Cavaliers,G,32.0,6-3 / 1.91,180 lbs. / 81.6 kg.
442,D'Angelo Russell,https://ak-static.cms.nba.com/wp-content/uploads/headshots/nba/latest/260x190/1626156.png,"$30,013,500",Minnesota Timberwolves,G,32.0,6-4 / 1.93,193 lbs. / 87.5 kg.
443,Domantas Sabonis,https://ak-static.cms.nba.com/wp-content/uploads/headshots/nba/latest/260x190/1627734.png,"$18,500,000",Indiana Pacers,F-C,32.0,6-11 / 2.11,231 lbs. / 104.8 kg.
444,Luka Šamanić,https://ak-static.cms.nba.com/wp-content/uploads/headshots/nba/latest/260x190/1629677.png,"$2,959,080",San Antonio Spurs,F,32.0,6-10 / 2.08,209 lbs. / 94.8 kg.
445,JaKarr Sampson,https://ak-static.cms.nba.com/wp-content/uploads/headshots/nba/latest/260x190/203960.png,"$5,393,602 ($5,540,843*)",,-,32.0,6-7 / 2.01,223 lbs. / 101.2 kg.
446,Dario Šarić,https://ak-static.cms.nba.com/wp-content/uploads/headshots/nba/latest/260x190/203967.png,"$8,510,000",Phoenix Suns,F,32.0,6-10 / 2.08,216 lbs. / 98 kg.
447,Tomáš Satoranský,https://ak-static.cms.nba.com/wp-content/uploads/headshots/nba/latest/260x190/203107.png,"$10,000,000",New Orleans Pelicans,G,32.0,6-7 / 2.01,198 lbs. / 89.8 kg.
448,Dennis Schröder,https://ak-static.cms.nba.com/wp-content/uploads/headshots/nba/latest/260x190/203471.png,,,,32.0,,
449,Mike Scott,https://ak-static.cms.nba.com/wp-content/uploads/headshots/nba/latest/260x190/203118.png,"$27,064,863 ($28,197,110*)",,-,32.0,6-7 / 2.01,237 lbs. / 107.5 kg.
450,Jay Scrubb,0,"$462,629",Los Angeles Clippers,G,32.0,6-6 / 1.98,210 lbs. / 95.3 kg.
451,Collin Sexton,https://ak-static.cms.nba.com/wp-content/uploads/headshots/nba/latest/260x190/1629012.png,"$6,349,671",Cleveland Cavaliers,G,32.0,6-1 / 1.85,190 lbs. / 86.2 kg.
452,Landry Shamet,https://ak-static.cms.nba.com/wp-content/uploads/headshots/nba/latest/260x190/1629013.png,"$3,768,342",Phoenix Suns,G,32.0,6-4 / 1.93,180 lbs. / 81.6 kg.
453,Iman Shumpert,https://ak-static.cms.nba.com/wp-content/uploads/headshots/nba/latest/260x190/202697.png,"$48,605,237 ($51,637,194*)",,-,32.0,6-5 / 1.96,212 lbs. / 96.2 kg.
454,Pascal Siakam,https://ak-static.cms.nba.com/wp-content/uploads/headshots/nba/latest/260x190/1627783.png,"$33,003,936",Toronto Raptors,F,32.0,6-9 / 2.06,227 lbs. / 103 kg.
455,Chris Silva,https://ak-static.cms.nba.com/wp-content/uploads/headshots/nba/latest/260x190/1629735.png,"$1,984,899 ($1,987,914*)",,-,32.0,6-8 / 2.03,234 lbs. / 106.1 kg.
456,Ben Simmons,https://ak-static.cms.nba.com/wp-content/uploads/headshots/nba/latest/260x190/1627732.png,"$33,003,936",Philadelphia 76ers,F,32.0,6-10 / 2.08,240 lbs. / 108.9 kg.
457,Anfernee Simons,https://ak-static.cms.nba.com/wp-content/uploads/headshots/nba/latest/260x190/1629014.png,"$3,938,818",Portland Trail Blazers,G,32.0,6-3 / 1.91,181 lbs. / 82.1 kg.
458,Deividas Sirvydis,0,"$1,517,981",,-,32.0,6-8 / 2.03,190 lbs. / 86.2 kg.
459,Alen Smailagić,https://ak-static.cms.nba.com/wp-content/uploads/headshots/nba/latest/260x190/1629346.png,"$2,416,291 ($2,422,091*)",,-,32.0,6-10 / 2.08,215 lbs. / 97.5 kg.
460,Marcus Smart,https://ak-static.cms.nba.com/wp-content/uploads/headshots/nba/latest/260x190/203935.png,"$14,339,285",Boston Celtics,G,32.0,6-3 / 1.91,227 lbs. / 103 kg.
461,Dennis Smith Jr.,0, ,Portland Trail Blazers,G,32.0,6-2 / 1.88,195 lbs. / 88.5 kg.
462,Ish Smith,https://ak-static.cms.nba.com/wp-content/uploads/headshots/nba/latest/260x190/202397.png,,,,32.0,,
463,Jalen Smith,0,"$4,458,000",Phoenix Suns,F,32.0,6-10 / 2.08,225 lbs. / 102.1 kg.
464,Tony Snell,https://ak-static.cms.nba.com/wp-content/uploads/headshots/nba/latest/260x190/203503.png,"$2,389,641",Portland Trail Blazers,F,32.0,6-6 / 1.98,198 lbs. / 89.8 kg.
465,Ray Spalding,https://ak-static.cms.nba.com/wp-content/uploads/headshots/nba/latest/260x190/1629034.png,,,,32.0,,
466,Cassius Stanley,0,"$470,690 ($470,690*)",,-,32.0,6-6 / 1.98,193 lbs. / 87.5 kg.
467,Lamar Stevens,0,"$1,517,981",Cleveland Cavaliers,F,32.0,6-8 / 2.03,225 lbs. / 102.1 kg.
468,Isaiah Stewart,0,"$3,277,080",Detroit Pistons,F,32.0,6-9 / 2.06,250 lbs. / 113.4 kg.
469,Max Strus,https://ak-static.cms.nba.com/wp-content/uploads/headshots/nba/latest/260x190/1629622.png,"$1,669,178",Miami Heat,G,32.0,6-6 / 1.98,215 lbs. / 97.5 kg.
470,Edmond Sumner,https://ak-static.cms.nba.com/wp-content/uploads/headshots/nba/latest/260x190/1628410.png,"$2,320,000",Indiana Pacers,G,32.0,6-4 / 1.93,186 lbs. / 84.4 kg.
471,Jae'Sean Tate,0,"$1,517,981",Houston Rockets,F,32.0,6-4 / 1.93,230 lbs. / 104.3 kg.
472,Jayson Tatum,https://ak-static.cms.nba.com/wp-content/uploads/headshots/nba/latest/260x190/1628369.png,"$28,103,500",Boston Celtics,F,32.0,6-10 / 2.08,204 lbs. / 92.5 kg.
473,Jeff Teague,https://ak-static.cms.nba.com/wp-content/uploads/headshots/nba/latest/260x190/201952.png,"$99,236,542 ($104,540,562*)",,-,32.0,6-3 / 1.91,181 lbs. / 82.1 kg.
474,Garrett Temple,https://ak-static.cms.nba.com/wp-content/uploads/headshots/nba/latest/260x190/202066.png,"$4,910,000",New Orleans Pelicans,G-F,32.0,6-5 / 1.96,195 lbs. / 88.5 kg.
475,Tyrell Terry,0,"$1,517,981",Dallas Mavericks,G,32.0,6-3 / 1.91,175 lbs. / 79.4 kg.
476,Daniel Theis,https://ak-static.cms.nba.com/wp-content/uploads/headshots/nba/latest/260x190/1628464.png,"$8,280,351",Houston Rockets,C,32.0,6-8 / 2.03,215 lbs. / 97.5 kg.
477,Brodric Thomas,0,"$412,202 ($412,202*)",,-,32.0,6-5 / 1.96,185 lbs. / 83.9 kg.
478,Isaiah Thomas,https://ak-static.cms.nba.com/wp-content/uploads/headshots/nba/latest/260x190/202738.png,"$31,309,253 ($33,542,046*)",,-,32.0,5-9 / 1.75,185 lbs. / 83.9 kg.
479,Khyri Thomas,https://ak-static.cms.nba.com/wp-content/uploads/headshots/nba/latest/260x190/1629017.png,"$1,762,796",Houston Rockets,G,32.0,6-3 / 1.91,210 lbs. / 95.3 kg.
480,Matt Thomas,https://ak-static.cms.nba.com/wp-content/uploads/headshots/nba/latest/260x190/1629744.png,"$1,669,178",Chicago Bulls,G,32.0,6-4 / 1.93,197 lbs. / 89.4 kg.
481,Tristan Thompson,https://ak-static.cms.nba.com/wp-content/uploads/headshots/nba/latest/260x190/202684.png,"$9,720,900",Sacramento Kings,F,32.0,6-9 / 2.06,225 lbs. / 102.1 kg.
482,Sindarius Thornwell,https://ak-static.cms.nba.com/wp-content/uploads/headshots/nba/latest/260x190/1628414.png,"$3,612,861 ($3,688,568*)",,-,32.0,6-5 / 1.96,215 lbs. / 97.5 kg.
483,Matisse Thybulle,https://ak-static.cms.nba.com/wp-content/uploads/headshots/nba/latest/260x190/1629680.png,"$2,840,160",Philadelphia 76ers,G-F,32.0,6-5 / 1.96,201 lbs. / 91.2 kg.
484,Killian Tillie,0,"$462,629",Memphis Grizzlies,F,32.0,6-10 / 2.08,200 lbs. / 90.7 kg.
485,Xavier Tillman Sr.,0,"$1,517,981",Memphis Grizzlies,F,32.0,6-8 / 2.03,245 lbs. / 111.1 kg.
486,Anthony Tolliver,https://ak-static.cms.nba.com/wp-content/uploads/headshots/nba/latest/260x190/201229.png,"$31,880,178 ($34,260,187*)",,-,32.0,6-8 / 2.03,240 lbs. / 108.9 kg.
487,Obi Toppin,0,"$5,105,160",New York Knicks,F,32.0,6-9 / 2.06,220 lbs. / 99.8 kg.
488,Juan Toscano-Anderson,0,"$1,701,593",Golden State Warriors,F,32.0,6-6 / 1.98,209 lbs. / 94.8 kg.
489,Axel Toupane,https://ak-static.cms.nba.com/wp-content/uploads/headshots/nba/latest/260x190/1626253.png,"$1,236,181 ($1,309,191*)",,-,32.0,6-6 / 1.98,191 lbs. / 86.6 kg.
490,Karl-Anthony Towns,https://ak-static.cms.nba.com/wp-content/uploads/headshots/nba/latest/260x190/1626157.png,"$31,650,600",Minnesota Timberwolves,F-C,32.0,6-11 / 2.11,248 lbs. / 112.5 kg.
491,Gary Trent Jr.,0,"$11,406,473 ($17,608,552*)",,-,32.0,6-8 / 2.03,250 lbs. / 113.4 kg.
492,P.J. Tucker,0,"$7,000,000",Miami Heat,F,32.0,6-5 / 1.96,225 lbs. / 102.1 kg.
493,Rayjon Tucker,https://ak-static.cms.nba.com/wp-content/uploads/headshots/nba/latest/260x190/1629730.png,"$1,272,328 ($1,276,064*)",,-,32.0,6-5 / 1.96,210 lbs. / 95.3 kg.
494,Myles Turner,https://ak-static.cms.nba.com/wp-content/uploads/headshots/nba/latest/260x190/1626167.png,"$18,000,000",Indiana Pacers,F-C,32.0,6-11 / 2.11,239 lbs. / 108.4 kg.
495,Jonas Valančiūnas,https://ak-static.cms.nba.com/wp-content/uploads/headshots/nba/latest/260x190/202685.png,"$14,000,000",New Orleans Pelicans,C,32.0,6-11 / 2.11,231 lbs. / 104.8 kg.
496,Denzel Valentine,https://ak-static.cms.nba.com/wp-content/uploads/headshots/nba/latest/260x190/1627756.png,"$14,579,568 ($14,914,219*)",,-,32.0,6-4 / 1.93,210 lbs. / 95.3 kg.
497,Jarred Vanderbilt,https://ak-static.cms.nba.com/wp-content/uploads/headshots/nba/latest/260x190/1629020.png,"$3,919,177 ($3,947,651*)",,-,32.0,6-9 / 2.06,214 lbs. / 97.1 kg.
498,Fred VanVleet,https://ak-static.cms.nba.com/wp-content/uploads/headshots/nba/latest/260x190/1627832.png,"$19,675,926",Toronto Raptors,G,32.0,6-1 / 1.85,197 lbs. / 89.4 kg.
499,Anderson Varejão,https://ak-static.cms.nba.com/wp-content/uploads/headshots/nba/latest/260x190/2760.png,"$85,474,644 ($96,605,947*)",,-,32.0,6-11 / 2.11,229 lbs. / 104.3 kg.
500,Devin Vassell,0,"$4,235,160",San Antonio Spurs,G,32.0,6-7 / 2.01,195 lbs. / 88.5 kg.
501,Gabe Vincent,https://ak-static.cms.nba.com/wp-content/uploads/headshots/nba/latest/260x190/1629216.png,"$1,669,178",Miami Heat,G,32.0,6-3 / 1.91,200 lbs. / 90.7 kg.
502,Noah Vonleh,https://ak-static.cms.nba.com/wp-content/uploads/headshots/nba/latest/260x190/203943.png,"$15,993,438 ($16,864,390*)",,-,32.0,6-10 / 2.08,247 lbs. / 112 kg.
503,Nikola Vučević,https://ak-static.cms.nba.com/wp-content/uploads/headshots/nba/latest/260x190/202696.png,"$24,000,000",Chicago Bulls,C,32.0,6-11 / 2.11,240 lbs. / 108.9 kg.
504,Dean Wade,https://ak-static.cms.nba.com/wp-content/uploads/headshots/nba/latest/260x190/1629731.png,"$1,782,621",Cleveland Cavaliers,F-C,32.0,6-9 / 2.06,228 lbs. / 103.4 kg.
505,Moritz Wagner,https://ak-static.cms.nba.com/wp-content/uploads/headshots/nba/latest/260x190/1629021.png,"$1,729,217",Orlando Magic,F,32.0,6-11 / 2.11,240 lbs. / 108.9 kg.
506,Kemba Walker,https://ak-static.cms.nba.com/wp-content/uploads/headshots/nba/latest/260x190/202689.png,"$34,967,442",New York Knicks,G,32.0,6-0 / 1.83,172 lbs. / 78 kg.
507,Lonnie Walker,0,"$4,453,617",San Antonio Spurs,G,32.0,6-5 / 1.96,204 lbs. / 92.5 kg.
508,John Wall,https://ak-static.cms.nba.com/wp-content/uploads/headshots/nba/latest/260x190/202322.png,"$44,310,840",Houston Rockets,G,32.0,6-4 / 1.93,195 lbs. / 88.5 kg.
509,Brad Wanamaker,https://ak-static.cms.nba.com/wp-content/uploads/headshots/nba/latest/260x190/202954.png,"$4,534,161 ($4,562,821*)",,-,32.0,6-3 / 1.91,210 lbs. / 95.3 kg.
510,T.J. Warren,0,"$12,940,000",Indiana Pacers,F,32.0,6-8 / 2.03,220 lbs. / 99.8 kg.
511,P.J. Washington,0,"$4,215,120",Charlotte Hornets,F,32.0,6-7 / 2.01,225 lbs. / 102.1 kg.
512,Yuta Watanabe,https://ak-static.cms.nba.com/wp-content/uploads/headshots/nba/latest/260x190/1629139.png,"$1,762,796",Toronto Raptors,F,32.0,6-8 / 2.03,215 lbs. / 97.5 kg.
513,Tremont Waters,https://ak-static.cms.nba.com/wp-content/uploads/headshots/nba/latest/260x190/1629682.png,"$1,669,178",Milwaukee Bucks,G,32.0,5-10 / 1.78,175 lbs. / 79.4 kg.
514,Paul Watson,https://ak-static.cms.nba.com/wp-content/uploads/headshots/nba/latest/260x190/1628778.png,"$1,525,265 ($1,525,778*)",,-,32.0,6-6 / 1.98,210 lbs. / 95.3 kg.
515,Quinndary Weatherspoon,https://ak-static.cms.nba.com/wp-content/uploads/headshots/nba/latest/260x190/1629683.png,"$528,683 ($529,196*)",,-,32.0,6-3 / 1.91,205 lbs. / 93 kg.
516,Russell Westbrook,https://ak-static.cms.nba.com/wp-content/uploads/headshots/nba/latest/260x190/201566.png,"$44,211,146",Los Angeles Lakers,G,32.0,6-3 / 1.91,190 lbs. / 86.2 kg.
517,Coby White,https://ak-static.cms.nba.com/wp-content/uploads/headshots/nba/latest/260x190/1629632.png,"$5,837,760",Chicago Bulls,G,32.0,6-4 / 1.93,185 lbs. / 83.9 kg.
518,Derrick White,https://ak-static.cms.nba.com/wp-content/uploads/headshots/nba/latest/260x190/1628401.png,"$15,678,571",San Antonio Spurs,G,32.0,6-4 / 1.93,200 lbs. / 90.7 kg.
519,Hassan Whiteside,https://ak-static.cms.nba.com/wp-content/uploads/headshots/nba/latest/260x190/202355.png,"$2,401,537",Utah Jazz,C,32.0,7-0 / 2.13,235 lbs. / 106.6 kg.
520,Greg Whittington,0,"$332,252 ($332,252*)",,-,32.0,6-8 / 2.03,202 lbs. / 91.6 kg.
521,Andrew Wiggins,https://ak-static.cms.nba.com/wp-content/uploads/headshots/nba/latest/260x190/203952.png,"$31,579,390",Golden State Warriors,F,32.0,6-7 / 2.01,197 lbs. / 89.4 kg.
522,Grant Williams,https://ak-static.cms.nba.com/wp-content/uploads/headshots/nba/latest/260x190/1629684.png,"$2,617,800",Boston Celtics,F,32.0,6-6 / 1.98,236 lbs. / 107 kg.
523,Kenrich Williams,https://ak-static.cms.nba.com/wp-content/uploads/headshots/nba/latest/260x190/1629026.png,"$2,000,000",Oklahoma City Thunder,G-F,32.0,6-6 / 1.98,210 lbs. / 95.3 kg.
524,Lou Williams,https://ak-static.cms.nba.com/wp-content/uploads/headshots/nba/latest/260x190/101150.png,,,,32.0,,
525,Patrick Williams,0,"$7,422,000",Chicago Bulls,F,32.0,6-8 / 2.03,225 lbs. / 102.1 kg.
526,Robert Williams,0,"$3,661,976",Boston Celtics,F-C,32.0,6-8 / 2.03,237 lbs. / 107.5 kg.
527,Zion Williamson,https://ak-static.cms.nba.com/wp-content/uploads/headshots/nba/latest/260x190/1629627.png,"$10,733,400",New Orleans Pelicans,F,32.0,6-6 / 1.98,284 lbs. / 128.8 kg.
528,D.J. Wilson,0,"$12,178,720 ($12,368,182*)",,-,32.0,6-10 / 2.08,234 lbs. / 106.1 kg.
529,Dylan Windler,https://ak-static.cms.nba.com/wp-content/uploads/headshots/nba/latest/260x190/1629685.png,"$2,239,200",Cleveland Cavaliers,F-G,32.0,6-6 / 1.98,200 lbs. / 90.7 kg.
530,Justise Winslow,https://ak-static.cms.nba.com/wp-content/uploads/headshots/nba/latest/260x190/1626159.png,"$3,902,439",Los Angeles Clippers,F,32.0,6-6 / 1.98,222 lbs. / 100.7 kg.
531,Cassius Winston,0,"$462,629",Washington Wizards,G,32.0,6-1 / 1.85,185 lbs. / 83.9 kg.
532,James Wiseman,0,"$9,166,800",Golden State Warriors,C,32.0,7-1 / 2.16,247 lbs. / 112 kg.
533,Christian Wood,https://ak-static.cms.nba.com/wp-content/uploads/headshots/nba/latest/260x190/1626174.png,"$13,666,667",Houston Rockets,F,32.0,6-10 / 2.08,216 lbs. / 98 kg.
534,Robert Woodard,0,"$1,517,981",Sacramento Kings,F,32.0,6-7 / 2.01,235 lbs. / 106.6 kg.
535,Delon Wright,https://ak-static.cms.nba.com/wp-content/uploads/headshots/nba/latest/260x190/1626153.png,"$8,526,316",Atlanta Hawks,G,32.0,6-5 / 1.96,181 lbs. / 82.1 kg.
536,Thaddeus Young,https://ak-static.cms.nba.com/wp-content/uploads/headshots/nba/latest/260x190/201152.png,"$14,190,000",San Antonio Spurs,F,32.0,6-8 / 2.03,220 lbs. / 99.8 kg.
537,Trae Young,https://ak-static.cms.nba.com/wp-content/uploads/headshots/nba/latest/260x190/1629027.png,"$8,326,471",Atlanta Hawks,G,32.0,6-1 / 1.85,180 lbs. / 81.6 kg.
538,Cody Zeller,https://ak-static.cms.nba.com/wp-content/uploads/headshots/nba/latest/260x190/203469.png,"$2,389,641",Portland Trail Blazers,C-F,32.0,7-0 / 2.13,230 lbs. / 104.3 kg.
539,Ivica Zubac,https://ak-static.cms.nba.com/wp-content/uploads/headshots/nba/latest/260x190/1627826.png,"$7,518,518",Los Angeles Clippers,C,32.0,7-0 / 2.13,265 lbs. / 120.2 kg.
